"Dist Code","Year","State Code","State Name","Dist Name","RICE AREA (1000 ha)","RICE PRODUCTION (1000 tons)","RICE YIELD (Kg per ha)","WHEAT AREA (1000 ha)","WHEAT PRODUCTION (1000 tons)","WHEAT YIELD (Kg per ha)","KHARIF SORGHUM AREA (1000 ha)","KHARIF SORGHUM PRODUCTION (1000 tons)","KHARIF SORGHUM YIELD (Kg per ha)","RABI SORGHUM AREA (1000 ha)","RABI SORGHUM PRODUCTION (1000 tons)","RABI SORGHUM YIELD (Kg per ha)","SORGHUM AREA (1000 ha)","SORGHUM PRODUCTION (1000 tons)","SORGHUM YIELD (Kg per ha)","PEARL MILLET AREA (1000 ha)","PEARL MILLET PRODUCTION (1000 tons)","PEARL MILLET YIELD (Kg per ha)","MAIZE AREA (1000 ha)","MAIZE PRODUCTION (1000 tons)","MAIZE YIELD (Kg per ha)","FINGER MILLET AREA (1000 ha)","FINGER MILLET PRODUCTION (1000 tons)","FINGER MILLET YIELD (Kg per ha)","BARLEY AREA (1000 ha)","BARLEY PRODUCTION (1000 tons)","BARLEY YIELD (Kg per ha)","CHICKPEA AREA (1000 ha)","CHICKPEA PRODUCTION (1000 tons)","CHICKPEA YIELD (Kg per ha)","PIGEONPEA AREA (1000 ha)","PIGEONPEA PRODUCTION (1000 tons)","PIGEONPEA YIELD (Kg per ha)","MINOR PULSES AREA (1000 ha)","MINOR PULSES PRODUCTION (1000 tons)","MINOR PULSES YIELD (Kg per ha)","GROUNDNUT AREA (1000 ha)","GROUNDNUT PRODUCTION (1000 tons)","GROUNDNUT YIELD (Kg per ha)","SESAMUM AREA (1000 ha)","SESAMUM PRODUCTION (1000 tons)","SESAMUM YIELD (Kg per ha)","RAPESEED AND MUSTARD AREA (1000 ha)","RAPESEED AND MUSTARD PRODUCTION (1000 tons)","RAPESEED AND MUSTARD YIELD (Kg per ha)","SAFFLOWER AREA (1000 ha)","SAFFLOWER PRODUCTION (1000 tons)","SAFFLOWER YIELD (Kg per ha)","CASTOR AREA (1000 ha)","CASTOR PRODUCTION (1000 tons)","CASTOR YIELD (Kg per ha)","LINSEED AREA (1000 ha)","LINSEED PRODUCTION (1000 tons)","LINSEED YIELD (Kg per ha)","SUNFLOWER AREA (1000 ha)","SUNFLOWER PRODUCTION (1000 tons)","SUNFLOWER YIELD (Kg per ha)","SOYABEAN AREA (1000 ha)","SOYABEAN PRODUCTION (1000 tons)","SOYABEAN YIELD (Kg per ha)","OILSEEDS AREA (1000 ha)","OILSEEDS PRODUCTION (1000 tons)","OILSEEDS YIELD (Kg per ha)","SUGARCANE AREA (1000 ha)","SUGARCANE PRODUCTION (1000 tons)","SUGARCANE YIELD (Kg per ha)","COTTON AREA (1000 ha)","COTTON PRODUCTION (1000 tons)","COTTON YIELD (Kg per ha)","FRUITS AREA (1000 ha)","VEGETABLES AREA (1000 ha)","FRUITS AND VEGETABLES AREA (1000 ha)","POTATOES AREA (1000 ha)","ONION AREA (1000 ha)","FODDER AREA (1000 ha)"
"64","2000","5","Karnataka","Bangalore","29.4","76.0","2585.03","0.0","0.0","0.0","0.0","0.0","0.0","0.0","0.0","0.0","0.0","0.0","0.0","0.0","0.0","0.0","6.8","22.0","3235.29","195.8","416.0","2124.62","0.0","0.0","0.0","0.0","0.0","0.0","5.6","3.0","535.71","43.7","16.0","366.13","19.3","18.0","932.64","2.4","1.0","416.67","2.4","1.0","416.67","0.0","0.0","0.0","4.3","7.0","1627.91","0.0","0.0","0.0","0.2","0.0","0.0","0.01","0.02","2000.0","32.4","28.0","864.2","1.6","16.5","10312.5","0.0","0.0","0.0","19.82","9.45","29.26","2.06","0.17","7.66"
"64","2001","5","Karnataka","Bangalore","19.66","47.12","2396.74","0.0","0.0","0.0","0.0","0.0","0.0","0.0","0.0","0.0","0.0","0.0","0.0","0.0","0.0","0.0","7.04","27.42","3894.89","194.89","396.67","2035.35","0.0","0.0","0.0","0.01","0.01","1000.0","5.05","2.97","588.12","11.06","4.69","424.05","12.53","14.26","1138.07","2.73","1.01","369.96","2.54","0.82","322.83","0.0","0.0","0.0","3.4","5.31","1561.76","0.0","0.0","0.0","0.1","0.08","800.0","0.0","0.0","0.0","24.52","22.27","908.24","1.66","13.38","8060.24","0.0","0.0","0.0","29.85","10.86","40.71","1.72","0.21","8.48"
"64","2002","5","Karnataka","Bangalore","9.05","20.32","2245.3","0.0","0.0","0.0","0.0","0.0","0.0","0.0","0.0","0.0","0.0","0.0","0.0","0.0","0.0","0.0","5.5","17.41","3165.45","138.52","134.31","969.61","0.0","0.0","0.0","0.01","0.0","0.0","3.46","1.43","413.29","31.27","13.63","435.88","10.87","10.37","954.0","0.15","0.05","333.33","1.39","0.45","323.74","0.0","0.0","0.0","1.93","4.64","2404.15","0.0","0.0","0.0","0.03","0.03","1000.0","0.0","0.0","0.0","16.21","16.0","987.05","2.05","18.82","9180.49","0.0","0.0","0.0","31.52","9.54","41.06","1.15","0.1","7.67"
"64","2003","5","Karnataka","Bangalore","9.22","23.32","2529.28","0.0","0.0","0.0","0.25","0.27","1080.0","0.0","0.0","0.0","0.25","0.27","1080.0","0.0","0.0","0.0","7.85","34.72","4422.93","177.09","328.74","1856.34","0.0","0.0","0.0","0.08","0.03","375.0","5.41","2.16","399.26","32.15","13.59","422.71","11.46","10.2","890.05","0.4","0.2","500.0","2.24","0.73","325.89","0.0","0.0","0.0","2.45","7.17","2926.53","0.0","0.0","0.0","0.54","0.32","592.59","0.0","0.0","0.0","19.37","19.18","990.19","0.6","4.0","6666.67","0.0","0.0","0.0","32.51","10.67","43.19","1.72","0.1","8.41"
"64","2004","5","Karnataka","Bangalore","12.87","39.16","3042.74","0.0","0.0","0.0","0.0","0.0","0.0","0.0","0.0","0.0","0.0","0.0","0.0","0.0","0.0","0.0","8.58","27.34","3186.48","175.01","459.98","2628.31","0.0","0.0","0.0","0.17","0.08","470.59","6.34","4.79","755.52","31.39","13.29","423.38","17.31","23.25","1343.15","1.6","0.87","543.75","2.06","0.67","325.24","0.0","0.0","0.0","2.03","3.04","1497.54","0.0","0.0","0.0","0.68","0.47","691.18","0.0","0.0","0.0","25.97","28.84","1110.51","1.69","15.39","9106.51","0.0","0.0","0.0","33.88","10.52","44.39","1.86","0.14","7.43"
"64","2005","5","Karnataka","Bangalore","15.36","38.45","2503.26","0.0","0.0","0.0","0.0","0.0","0.0","0.0","0.0","0.0","0.0","0.0","0.0","0.03","0.02","666.67","10.28","43.63","4244.16","175.65","376.98","2146.2","0.0","0.0","0.0","0.1","0.06","600.0","5.41","4.01","741.22","28.06","10.29","366.71","14.87","11.08","745.12","3.22","2.79","866.46","2.16","0.7","324.07","0.0","0.0","0.0","2.65","7.93","2992.45","0.0","0.0","0.0","0.5","0.39","780.0","0.0","0.0","0.0","26.01","23.53","904.65","0.33","2.92","8848.48","0.0","0.0","0.0","32.78","11.51","44.29","1.86","0.18","6.59"
"64","2006","5","Karnataka","Bangalore","9.93","20.77","2091.64","0.0","0.0","0.0","0.0","0.0","0.0","0.0","0.0","0.0","0.0","0.0","0.0","0.01","0.0","0.0","7.98","27.73","3474.94","113.3","126.15","1113.42","0.0","0.0","0.0","0.02","0.02","1000.0","4.75","1.98","416.84","21.51","23.15","1076.24","8.09","4.18","516.69","1.31","0.66","503.82","1.55","0.51","329.03","0.0","0.0","0.0","1.82","3.19","1752.75","0.0","0.0","0.0","0.21","0.14","666.67","0.0","0.0","0.0","14.72","9.11","618.89","1.77","17.16","9694.92","0.0","0.0","0.0","31.17","9.91","41.09","2.1","0.09","7.06"
"64","2007","5","Karnataka","Bangalore","10.22","29.47","2883.56","0.0","0.0","0.0","0.0","0.0","0.0","0.0","0.0","0.0","0.0","0.0","0.0","0.0","0.0","0.0","11.19","55.05","4919.57","150.65","346.11","2297.44","0.0","0.0","0.0","0.11","0.07","636.36","5.55","4.61","830.63","26.56","26.25","988.33","8.65","6.54","756.07","1.77","0.17","96.05","1.65","0.69","418.18","0.0","0.0","0.0","2.27","3.93","1731.28","0.0","0.0","0.0","0.3","0.2","666.67","0.0","0.0","0.0","16.95","12.38","730.38","1.46","1.57","1075.34","0.0","0.0","0.0","32.46","10.53","42.99","1.68","0.09","7.92"
"64","2008","5","Karnataka","Bangalore","10.96","33.59","3064.78","0.02","0.03","1500.0","0.0","0.0","0.0","0.0","0.0","0.0","0.0","0.0","0.0","0.0","0.0","0.0","13.26","57.88","4365.01","147.51","301.26","2042.3","0.0","0.0","0.0","0.08","0.04","500.0","5.8","4.21","725.86","26.69","20.36","762.83","8.66","4.73","546.19","2.2","0.85","386.36","1.88","0.82","436.17","0.0","0.0","0.0","2.38","4.13","1735.29","0.0","0.0","0.0","0.53","0.35","660.38","0.0","0.0","0.0","18.06","11.66","645.63","1.19","9.43","7924.37","0.0","0.0","0.0","35.23","9.53","44.74","1.47","0.16","6.09"
"64","2009","5","Karnataka","Bangalore","12.02","37.23","3097.34","0.0","0.0","0.0","0.0","0.0","0.0","0.0","0.0","0.0","0.0","0.0","0.0","0.0","0.0","0.0","13.59","59.83","4402.5","142.62","286.05","2005.68","0.0","0.0","0.0","0.14","0.09","642.86","5.54","4.06","732.85","26.94","18.3","679.29","8.2","5.83","710.98","2.14","1.39","649.53","2.45","0.69","281.63","0.0","0.0","0.0","2.43","2.41","991.77","0.0","0.0","0.0","0.28","0.17","607.14","0.0","0.0","0.0","19.96","11.99","600.7","1.09","8.77","8045.87","0.0","0.0","0.0","36.97","9.91","46.88","1.33","0.18","5.93"
"64","2010","5","Karnataka","Bangalore","12.06","32.09","2660.86","0.01","0.01","1000.0","0.0","0.0","0.0","0.11","0.23","2090.91","0.11","0.23","2090.91","0.0","0.0","0.0","12.71","64.23","5053.5","141.98","366.12","2578.67","0.0","0.0","0.0","0.33","0.21","636.36","5.74","3.73","649.83","25.57","21.98","859.6","4.93","5.1","1034.48","6.46","1.86","287.93","1.57","0.66","420.38","0.0","0.0","0.0","2.24","3.05","1361.61","0.0","0.0","0.0","0.08","0.06","750.0","0.0","0.0","0.0","17.25","11.0","637.68","0.93","9.94","10688.17","0.0","0.0","0.0","36.38","11.48","47.86","1.35","0.17","8.31"
"64","2011","5","Karnataka","Bangalore","11.08","32.5","2933.21","0.01","0.01","1000.0","0.0","0.0","0.0","0.0","0.0","0.0","0.0","0.0","0.0","0.0","0.0","0.0","17.77","82.51","4643.22","138.58","361.21","2606.51","0.0","0.0","0.0","0.31","0.15","483.87","5.87","4.1","698.47","22.16","22.34","1008.12","5.35","4.94","923.36","4.68","2.9","619.66","1.54","0.61","396.1","0.0","0.0","0.0","1.93","4.06","2103.63","0.0","0.0","0.0","0.04","0.04","1000.0","0.0","0.0","0.0","15.27","12.85","841.52","1.75","14.81","8455.02","0.0","0.0","0.0","35.06","11.0","46.06","1.41","0.17","8.3"
"64","2012","5","Karnataka","Bangalore","8.92","22.85","2561.66","0.0","0.0","0.0","0.75","0.92","1226.67","0.01","0.02","2000.0","0.77","0.94","1220.78","0.02","0.02","1000.0","14.87","48.54","3264.29","124.96","270.9","2167.89","0.0","0.0","0.0","0.1","0.07","700.0","5.4","3.19","590.74","19.29","11.27","584.24","3.8","2.8","736.84","0.77","0.04","51.95","1.0","0.34","340.0","0.0","0.0","0.0","1.15","1.61","1400.0","0.0","0.0","0.0","0.05","0.03","600.0","0.0","0.0","0.0","7.84","5.21","664.54","0.73","6.76","9260.27","0.0","0.0","0.0","36.46","12.14","48.6","1.09","0.11","9.32"
"64","2013","5","Karnataka","Bangalore","7.75","21.56","2781.94","0.0","0.0","0.0","0.85","1.21","1423.53","0.03","0.04","1333.33","0.89","1.26","1415.73","0.08","0.09","1125.0","16.73","53.15","3176.93","134.16","353.94","2638.19","0.0","0.0","0.0","0.27","0.2","740.74","7.31","6.4","875.51","24.53","20.23","824.7","5.96","7.57","1270.13","1.97","0.94","477.16","1.3","0.45","346.15","0.0","0.0","0.0","1.74","3.76","2160.92","0.0","0.0","0.0","0.11","0.06","545.45","0.0","0.0","0.0","12.64","13.15","1040.35","0.19","1.48","7789.47","0.0","0.0","0.0","34.53","12.57","47.11","1.46","0.28","11.0"
"64","2014","5","Karnataka","Bangalore","6.84","18.35","2682.75","0.0","0.0","0.0","0.54","0.74","1370.37","0.04","0.06","1500.0","0.58","0.8","1379.31","0.0","0.0","0.0","18.08","57.79","3196.35","129.51","296.03","2285.77","0.0","0.0","0.0","0.32","0.22","687.5","6.11","4.66","762.68","20.37","22.15","1087.38","4.07","4.61","1132.68","1.39","0.53","381.29","0.83","0.18","216.87","0.0","0.0","0.0","1.28","1.06","828.12","0.0","0.0","0.0","0.02","0.01","500.0","0.0","0.0","0.0","8.48","7.05","831.37","1.03","6.75","6553.4","0.0","0.0","0.0","34.78","10.85","45.64","0.96","0.11","5.55"
"64","2015","5","Karnataka","Bangalore","5.97","14.64","2452.26","0.0","0.0","0.0","0.0","0.0","0.0","0.08","0.05","625.0","0.08","0.05","625.0","0.02","0.02","1000.0","17.99","51.58","2867.15","128.97","253.67","1966.89","0.0","0.0","0.0","0.11","0.03","272.73","5.44","3.47","637.87","24.05","30.84","1282.57","3.56","5.03","1412.92","3.46","2.96","855.49","0.8","0.17","212.5","0.0","0.0","0.0","1.14","0.83","728.07","0.01","0.0","0.0","0.02","0.0","0.0","0.0","0.0","0.0","9.79","0.0","0.0","0.5","4.58","9201.2","0.0","0.0","0.0","37.37","11.29","48.65","0.6","0.05","9.36"
"64","2016","5","Karnataka","Bangalore","4.96","9.26","1866.88","0.0","0.0","0.0","0.0","0.0","1000.0","0.0","0.0","0.0","0.0","0.0","1000.0","0.01","0.01","1000.0","14.63","34.43","2353.77","119.05","98.84","830.24","0.0","0.0","0.0","0.21","0.13","588.79","5.37","4.18","777.65","23.75","12.22","514.78","2.69","2.78","1030.44","0.5","0.41","824.35","0.72","0.13","180.81","0.0","0.0","0.0","1.43","0.97","682.81","0.0","0.0","0.0","0.01","0.01","625.0","0.0","0.0","0.0","0.0","0.0","0.0","0.1","1.02","10450.0","0.0","0.0","360.0","37.17","10.13","47.3","0.47","0.07","8.58"
"64","2017","5","Karnataka","Bangalore","5.24","15.46","2950.57","0.0","0.0","0.0","0.0","0.0","0.0","0.0","0.0","0.0","0.0","0.0","0.0","0.09","0.1","1108.7","12.76","61.27","4801.21","125.46","302.46","2410.8","0.0","0.0","0.0","0.14","0.1","770.37","5.32","4.13","775.54","20.13","14.89","739.68","1.71","2.01","1177.5","2.34","1.15","491.03","0.62","0.08","128.04","0.0","0.0","0.0","2.27","1.76","776.36","0.0","0.0","0.0","0.01","0.01","1000.0","0.0","0.0","0.0","0.0","0.0","0.0","0.22","1.74","7804.48","0.0","0.0","0.0","37.3","10.68","47.99","0.5","0.09","7.41"
"65","2000","5","Karnataka","Kolar","22.8","60.0","2631.58","0.0","0.0","0.0","0.0","0.0","0.0","0.0","0.0","0.0","0.0","0.0","0.0","0.1","0.0","0.0","16.4","43.0","2621.95","132.0","243.0","1840.91","0.0","0.0","0.0","0.0","0.0","0.0","8.1","7.0","864.2","24.9","7.0","281.12","55.0","77.0","1400.0","0.0","0.0","0.0","1.5","1.0","666.67","0.0","0.0","0.0","0.3","0.0","0.0","0.0","0.0","0.0","1.7","1.0","588.24","0.0","0.0","0.0","59.6","79.0","1325.5","2.5","19.8","7920.0","0.0","0.0","0.0","40.64","27.56","68.2","10.37","2.14","2.56"
"65","2001","5","Karnataka","Kolar","24.61","51.97","2111.74","0.0","0.0","0.0","0.0","0.0","0.0","0.0","0.0","0.0","0.0","0.0","0.0","0.0","0.0","0.0","16.3","25.13","1541.72","100.9","166.15","1646.68","0.0","0.0","0.0","0.01","0.01","1000.0","4.7","1.98","421.28","19.3","6.49","336.27","54.75","30.86","563.65","0.0","0.0","0.0","1.25","0.36","288.0","0.0","0.0","0.0","0.12","0.09","750.0","0.0","0.0","0.0","1.21","0.95","785.12","0.0","0.0","0.0","58.4","32.5","556.51","1.23","12.34","10032.52","0.0","0.0","0.0","48.63","34.48","83.1","11.83","1.78","2.46"
"65","2002","5","Karnataka","Kolar","5.85","11.56","1976.07","0.0","0.0","0.0","0.0","0.0","0.0","0.0","0.0","0.0","0.0","0.0","0.0","0.38","0.14","368.42","16.9","21.85","1292.9","51.25","34.46","672.39","0.0","0.0","0.0","0.0","0.0","0.0","2.88","0.85","295.14","25.64","5.81","226.6","33.49","10.67","318.6","0.0","0.0","0.0","0.47","0.13","276.6","0.0","0.0","0.0","0.14","0.13","928.57","0.0","0.0","0.0","2.38","1.67","701.68","0.0","0.0","0.0","36.88","12.7","344.36","1.27","10.48","8251.97","0.0","0.0","0.0","49.42","23.17","72.6","5.55","1.57","2.52"
"65","2003","5","Karnataka","Kolar","9.06","20.81","2296.91","0.0","0.0","0.0","0.0","0.0","0.0","0.0","0.0","0.0","0.0","0.0","0.0","0.03","0.01","333.33","26.33","55.1","2092.67","120.92","176.61","1460.55","0.0","0.0","0.0","0.0","0.0","0.0","6.08","4.53","745.07","19.38","5.1","263.16","43.23","30.93","715.48","0.0","0.0","0.0","1.41","0.4","283.69","0.0","0.0","0.0","0.67","0.6","895.52","0.0","0.0","0.0","3.16","2.1","664.56","0.0","0.0","0.0","49.32","34.23","694.04","0.69","4.6","6666.67","0.0","0.0","0.0","49.29","23.28","72.56","5.12","1.76","2.65"
"65","2004","5","Karnataka","Kolar","7.32","18.16","2480.87","0.0","0.0","0.0","0.0","0.0","0.0","0.0","0.0","0.0","0.0","0.0","0.0","0.08","0.03","375.0","24.9","48.06","1930.12","109.31","152.64","1396.4","0.0","0.0","0.0","0.14","0.11","785.71","7.91","6.33","800.25","27.08","7.46","275.48","50.25","32.05","637.81","0.0","0.0","0.0","0.9","0.26","288.89","0.0","0.0","0.0","0.3","0.26","866.67","0.0","0.0","0.0","5.44","7.68","1411.76","0.0","0.0","0.0","57.69","40.42","700.64","0.43","3.31","7697.67","0.0","0.0","0.0","51.3","30.63","81.93","4.03","1.51","2.78"
"65","2005","5","Karnataka","Kolar","16.74","59.75","3569.3","0.0","0.0","0.0","0.0","0.0","0.0","0.0","0.0","0.0","0.0","0.0","0.0","0.09","0.05","555.56","23.09","64.17","2779.13","106.69","194.31","1821.26","0.0","0.0","0.0","0.05","0.04","800.0","8.99","5.09","566.18","19.76","6.53","330.47","52.05","36.98","710.47","0.0","0.0","0.0","1.23","0.35","284.55","0.0","0.0","0.0","0.5","0.52","1040.0","0.0","0.0","0.0","6.33","11.57","1827.8","0.0","0.0","0.0","60.64","49.54","816.95","0.4","3.55","8875.0","0.0","0.0","0.0","52.31","18.83","71.13","5.16","1.04","2.6"
"65","2006","5","Karnataka","Kolar","10.26","19.55","1905.46","0.0","0.0","0.0","0.0","0.0","0.0","0.0","0.0","0.0","0.0","0.0","0.0","0.1","0.05","500.0","23.95","48.25","2014.61","62.52","73.32","1172.74","0.0","0.0","0.0","0.0","0.0","0.0","6.17","3.32","538.09","22.5","12.59","559.56","38.05","12.04","316.43","0.0","0.0","0.0","0.0","0.0","0.0","0.0","0.0","0.0","0.5","0.4","800.0","0.0","0.0","0.0","2.76","4.11","1489.13","0.0","0.0","0.0","41.84","16.67","398.42","0.33","2.86","8666.67","0.0","0.0","0.0","52.5","22.57","75.07","7.16","0.7","2.55"
"65","2007","5","Karnataka","Kolar","11.44","25.96","2269.23","0.0","0.0","0.0","0.0","0.0","0.0","0.0","0.0","0.0","0.0","0.0","0.0","0.04","0.03","750.0","34.54","62.79","1817.89","98.28","126.31","1285.21","0.0","0.0","0.0","0.0","0.0","0.0","10.22","4.69","458.9","14.84","8.7","586.25","53.33","51.14","958.93","0.0","0.0","0.0","0.43","0.16","372.09","0.0","0.0","0.0","0.63","0.42","666.67","0.0","0.0","0.0","2.42","2.36","975.21","0.0","0.0","0.0","57.58","54.37","944.25","0.51","0.85","1666.67","0.0","0.0","0.0","51.4","22.05","73.44","4.06","0.87","2.18"
"65","2008","5","Karnataka","Kolar","12.28","31.29","2548.05","2.36","2.38","1008.47","0.0","0.0","0.0","0.0","0.0","0.0","0.0","0.0","0.0","0.0","0.0","0.0","35.58","123.93","3483.14","104.13","175.75","1687.79","0.0","0.0","0.0","0.16","0.12","750.0","11.45","7.11","620.96","19.93","14.01","702.96","58.22","37.89","650.81","0.0","0.0","0.0","0.62","0.25","403.23","0.0","0.0","0.0","0.8","0.76","950.0","0.0","0.0","0.0","3.43","3.29","959.18","0.0","0.0","0.0","64.2","42.58","663.24","0.08","0.0","0.0","0.0","0.0","0.0","52.96","24.24","77.2","6.47","1.05","1.92"
"65","2009","5","Karnataka","Kolar","10.46","21.33","2039.2","0.0","0.0","0.0","0.0","0.0","0.0","0.0","0.0","0.0","0.0","0.0","0.0","0.0","0.0","0.0","39.99","120.76","3019.75","96.62","118.74","1228.94","0.0","0.0","0.0","0.35","0.19","542.86","5.74","3.05","531.36","26.28","14.28","543.38","29.57","17.47","590.8","0.0","0.0","0.0","0.71","0.2","281.69","0.0","0.0","0.0","0.32","0.21","656.25","0.0","0.0","0.0","2.45","2.37","967.35","0.0","0.0","0.0","33.41","20.34","608.8","0.34","0.39","1147.06","0.0","0.0","0.0","54.92","24.2","79.12","7.24","0.83","4.1"
"65","2010","5","Karnataka","Kolar","19.25","48.94","2542.34","0.0","0.0","0.0","0.0","0.0","0.0","0.0","0.0","0.0","0.0","0.0","0.0","0.05","0.05","1000.0","43.29","158.37","3658.35","99.08","218.33","2203.57","0.0","0.0","0.0","0.05","0.03","600.0","15.05","16.1","1069.77","25.12","24.32","968.15","47.85","46.75","977.01","0.09","0.05","555.56","0.61","0.19","311.48","0.0","0.0","0.0","0.41","0.35","853.66","0.0","0.0","0.0","1.77","1.66","937.85","0.0","0.0","0.0","51.23","50.05","976.97","0.27","2.51","9296.3","0.23","0.08","347.83","65.8","32.81","98.61","7.06","2.0","3.29"
"65","2011","5","Karnataka","Kolar","10.82","27.11","2505.55","0.0","0.0","0.0","0.0","0.0","0.0","0.0","0.0","0.0","0.0","0.0","0.0","0.14","0.13","928.57","60.03","188.92","3147.09","103.93","219.88","2115.65","0.0","0.0","0.0","0.15","0.07","466.67","10.68","10.83","1014.04","23.61","29.56","1252.01","40.17","28.65","713.22","0.3","0.15","500.0","1.05","0.23","219.05","0.0","0.0","0.0","0.21","0.18","857.14","0.0","0.0","0.0","1.46","1.49","1020.55","0.0","0.0","0.0","44.03","34.8","790.37","0.54","4.96","9119.85","0.2","0.07","350.0","72.99","25.35","98.33","5.94","1.57","2.74"
"65","2012","5","Karnataka","Kolar","7.2","17.76","2466.67","0.0","0.0","0.0","2.77","3.4","1227.44","0.0","0.0","0.0","2.77","3.4","1227.44","0.0","0.0","0.0","61.53","171.75","2791.32","104.99","232.76","2216.97","0.0","0.0","0.0","0.07","0.04","571.43","9.63","6.63","688.47","23.95","36.23","1512.73","32.6","17.09","524.23","0.26","0.08","307.69","0.69","0.19","275.36","0.0","0.0","0.0","0.15","0.1","666.67","0.0","0.0","0.0","0.95","1.19","1252.63","0.0","0.0","0.0","35.25","18.23","517.16","0.31","2.56","8258.06","0.16","0.07","437.5","73.44","26.56","100.0","6.15","1.5","2.33"
"65","2013","5","Karnataka","Kolar","4.08","9.49","2325.98","0.0","0.0","0.0","6.13","8.72","1422.51","0.0","0.0","0.0","6.13","8.72","1422.51","0.0","0.0","0.0","59.44","213.52","3592.19","102.96","229.22","2226.3","0.0","0.0","0.0","0.22","0.17","772.73","7.5","5.93","790.67","28.17","35.1","1246.01","25.53","23.67","927.14","0.24","0.14","583.33","0.5","0.15","300.0","0.0","0.0","0.0","0.16","0.14","875.0","0.0","0.0","0.0","0.21","0.23","1095.24","0.0","0.0","0.0","27.13","24.58","906.01","0.0","0.0","0.0","0.16","0.09","562.5","73.23","24.51","97.74","6.15","1.34","1.65"
"65","2014","5","Karnataka","Kolar","1.15","2.8","2434.78","0.0","0.0","0.0","0.83","1.15","1385.54","0.0","0.0","0.0","0.83","1.15","1385.54","0.0","0.0","0.0","65.7","133.59","2033.33","99.53","140.56","1412.24","0.0","0.0","0.0","0.08","0.06","750.0","8.08","6.76","836.63","23.62","17.35","734.55","31.43","15.15","482.02","0.19","0.1","526.32","0.36","0.09","250.0","0.0","0.0","0.0","0.13","0.08","615.38","0.0","0.0","0.0","0.08","0.1","1250.0","0.0","0.0","0.0","32.54","13.33","409.65","0.06","0.53","8833.33","0.07","0.03","428.57","73.32","24.13","97.45","6.21","1.57","1.46"
"65","2015","5","Karnataka","Kolar","1.73","4.23","2445.09","0.0","0.0","0.0","1.75","2.0","1142.86","0.0","0.0","0.0","1.75","2.0","1142.86","0.08","0.05","625.0","60.02","201.11","3350.72","105.32","151.09","1434.58","0.0","0.0","0.0","0.12","0.05","416.67","10.32","5.6","542.64","26.12","28.18","1078.85","28.15","22.65","804.62","0.26","0.13","500.0","0.42","0.1","238.1","0.0","0.0","0.0","0.14","0.07","500.0","0.0","0.0","0.0","0.08","0.09","1125.0","0.0","0.0","0.0","29.47","0.0","0.0","0.0","0.0","0.0","0.11","0.04","363.64","69.39","24.31","93.69","5.95","1.56","3.43"
"65","2016","5","Karnataka","Kolar","2.64","5.88","2229.72","0.0","0.0","0.0","1.27","1.48","1163.78","0.0","0.0","0.0","1.27","1.48","1163.78","0.04","0.04","1050.0","53.31","87.79","1646.85","102.42","66.13","645.64","0.0","0.0","0.0","0.08","0.04","586.67","16.71","5.95","356.18","20.59","25.29","1228.3","35.42","13.15","371.3","0.05","0.03","640.0","0.36","0.07","190.08","0.0","0.0","0.0","0.13","0.06","500.0","0.0","0.0","0.0","0.01","0.0","333.33","0.0","0.0","0.0","0.0","0.0","0.0","0.08","0.56","6934.57","0.11","0.04","376.51","72.57","23.52","96.09","5.66","1.48","7.72"
"65","2017","5","Karnataka","Kolar","1.69","5.46","3233.55","0.0","0.0","0.0","0.0","0.0","0.0","0.0","0.0","0.0","0.0","0.0","0.0","0.11","0.17","1594.34","59.61","265.2","4448.56","115.08","293.09","2546.9","0.0","0.0","0.0","0.09","0.07","766.67","13.02","13.83","1062.07","27.66","32.37","1170.22","24.17","32.64","1350.66","0.07","0.06","873.24","0.45","0.1","224.67","0.0","0.0","0.0","0.36","0.23","644.44","0.0","0.0","0.0","0.11","0.12","1064.81","0.0","0.0","0.0","0.0","0.0","0.0","0.0","0.0","0.0","0.04","0.03","630.0","70.44","24.83","95.26","4.75","1.47","2.79"
"66","2000","5","Karnataka","Tumkur","56.9","152.0","2671.35","0.0","0.0","0.0","4.88","7.12","1459.02","0.09","0.06","666.67","5.0","7.17","1434.0","0.3","0.0","0.0","10.4","29.0","2788.46","199.9","311.0","1555.78","0.0","0.0","0.0","0.3","0.0","0.0","11.2","6.0","535.71","48.6","18.0","370.37","171.6","236.0","1375.29","0.5","0.0","0.0","1.2","0.0","0.0","0.0","0.0","0.0","4.6","6.0","1304.35","0.0","0.0","0.0","2.8","2.0","714.29","0.01","0.01","1000.0","183.1","245.0","1338.07","2.3","23.9","10391.3","0.7","0.17","242.86","12.15","2.4","14.55","0.02","0.76","12.36"
"66","2001","5","Karnataka","Tumkur","50.36","132.47","2630.46","0.0","0.0","0.0","3.7","5.65","1527.03","0.32","0.2","625.0","4.02","5.86","1457.71","0.25","0.1","400.0","9.57","20.47","2138.98","175.12","221.63","1265.59","0.0","0.0","0.0","0.49","0.29","591.84","9.51","5.03","528.92","67.37","22.84","339.02","140.17","53.14","379.11","0.32","0.12","375.0","0.94","0.25","265.96","0.02","0.02","1000.0","3.96","3.02","762.63","0.0","0.0","0.0","3.33","2.57","771.77","0.01","0.0","0.0","150.89","59.74","395.92","1.74","14.02","8057.47","0.97","0.31","319.59","12.9","2.11","15.01","0.01","0.53","13.09"
"66","2002","5","Karnataka","Tumkur","17.54","43.88","2501.71","0.0","0.0","0.0","3.28","3.8","1158.54","4.27","2.4","562.06","7.55","6.2","821.19","0.24","0.09","375.0","14.51","21.74","1498.28","148.07","122.06","824.34","0.0","0.0","0.0","1.82","0.93","510.99","10.21","3.95","386.88","57.45","18.42","320.63","119.81","67.28","561.56","0.46","0.18","391.3","0.62","0.16","258.06","0.0","0.0","0.0","3.47","3.19","919.31","0.0","0.0","0.0","13.41","7.48","557.79","0.0","0.0","0.0","139.22","78.72","565.44","1.43","13.14","9188.81","0.86","0.27","313.95","13.66","1.62","15.28","0.01","0.16","27.6"
"66","2003","5","Karnataka","Tumkur","13.15","34.15","2596.96","0.0","0.0","0.0","2.53","1.59","628.46","6.74","1.16","172.11","9.26","2.76","298.06","0.31","0.09","290.32","13.8","21.24","1539.13","184.62","185.77","1006.23","0.0","0.0","0.0","1.4","0.45","321.43","9.81","2.91","296.64","46.79","15.59","333.19","141.22","45.83","324.53","0.26","0.11","423.08","0.81","0.21","259.26","0.0","0.0","0.0","3.08","1.15","373.38","0.0","0.0","0.0","8.08","5.5","680.69","0.01","0.01","1000.0","155.08","53.28","343.56","0.57","3.82","6701.75","0.31","0.12","387.1","14.29","2.13","16.41","0.02","0.26","22.88"
"66","2004","5","Karnataka","Tumkur","26.14","78.33","2996.56","0.0","0.0","0.0","2.62","3.4","1297.71","0.22","0.26","1181.82","2.84","3.66","1288.73","0.26","0.1","384.62","12.54","33.24","2650.72","191.31","322.58","1686.16","0.0","0.0","0.0","0.59","0.56","949.15","12.6","9.47","751.59","50.7","18.39","362.72","152.52","101.9","668.11","0.96","0.52","541.67","0.93","0.25","268.82","0.01","0.01","1000.0","5.04","3.92","777.78","0.03","0.01","333.33","14.02","20.38","1453.64","0.01","0.01","1000.0","175.35","127.51","727.17","0.24","2.21","9208.33","0.79","0.2","253.16","15.92","1.87","17.79","0.02","0.2","18.64"
"66","2005","5","Karnataka","Tumkur","39.08","105.83","2708.03","0.0","0.0","0.0","3.48","4.17","1198.28","0.05","0.04","800.0","3.53","4.2","1189.8","0.25","0.21","840.0","15.86","48.4","3051.7","193.88","292.06","1506.4","0.0","0.0","0.0","0.59","0.32","542.37","11.86","8.78","740.3","48.64","22.0","452.3","175.67","77.31","440.09","0.42","0.37","880.95","0.9","0.24","266.67","0.02","0.01","500.0","3.97","3.38","851.39","0.03","0.01","333.33","14.62","12.4","848.15","0.0","0.0","0.0","197.32","94.2","477.4","0.27","2.36","8740.74","0.81","0.27","333.33","16.23","2.27","18.5","0.02","0.28","12.25"
"66","2006","5","Karnataka","Tumkur","29.02","74.8","2577.53","0.0","0.0","0.0","1.97","1.37","695.43","1.54","0.93","603.9","3.52","2.3","653.41","0.11","0.05","454.55","14.01","25.6","1827.27","117.03","79.55","679.74","0.0","0.0","0.0","0.93","0.39","419.35","9.26","3.58","386.61","54.99","21.77","395.89","98.9","24.73","250.05","0.66","0.39","590.91","0.53","0.14","264.15","0.01","0.01","1000.0","2.62","1.64","625.95","0.0","0.0","0.0","14.27","9.52","667.13","0.01","0.0","0.0","118.03","36.73","311.19","1.56","13.63","8737.18","0.93","0.3","322.58","16.66","1.83","18.49","0.03","0.18","24.77"
"66","2007","5","Karnataka","Tumkur","29.82","85.4","2863.85","0.0","0.0","0.0","2.17","2.47","1138.25","0.1","0.16","1600.0","2.27","2.63","1158.59","0.19","0.14","736.84","21.06","59.7","2834.76","197.21","309.75","1570.66","0.0","0.0","0.0","0.9","0.51","566.67","13.74","11.39","828.97","49.06","35.05","714.43","159.08","135.42","851.27","0.63","0.35","555.56","0.92","0.26","282.61","0.0","0.0","0.0","4.1","2.96","721.95","0.0","0.0","0.0","14.76","9.13","618.56","0.04","0.04","1000.0","181.37","148.66","819.65","2.38","16.94","7117.65","1.05","0.48","457.14","18.09","2.19","20.28","0.02","0.46","13.18"
"66","2008","5","Karnataka","Tumkur","39.82","107.01","2687.34","1.86","1.86","1000.0","2.28","3.17","1390.35","0.08","0.09","1125.0","2.36","3.26","1381.36","0.14","0.07","500.0","20.22","39.49","1953.02","198.5","212.08","1068.41","0.0","0.0","0.0","1.01","0.52","514.85","19.5","13.56","695.38","49.49","35.33","713.88","156.64","46.17","294.75","0.52","0.26","500.0","1.08","0.3","277.78","0.0","0.0","0.0","4.17","4.03","966.43","0.0","0.0","0.0","11.65","9.78","839.48","0.02","0.01","500.0","175.99","61.21","347.8","2.4","17.83","7429.17","0.67","0.43","641.79","20.11","2.4","22.5","0.03","0.42","13.17"
"66","2009","5","Karnataka","Tumkur","36.34","92.96","2558.06","0.0","0.0","0.0","6.77","5.3","782.87","0.6","0.64","1066.67","7.37","5.94","805.97","0.14","0.04","285.71","20.31","39.35","1937.47","180.17","252.49","1401.4","0.0","0.0","0.0","1.05","0.58","552.38","12.23","7.1","580.54","51.76","28.45","549.65","99.77","36.13","362.13","0.79","0.32","405.06","0.79","0.24","303.8","0.0","0.0","0.0","3.49","2.63","753.58","0.0","0.0","0.0","8.14","5.51","676.9","0.01","0.0","0.0","114.53","45.34","395.88","2.94","18.87","6418.37","0.85","0.36","423.53","21.64","2.59","24.23","0.04","0.3","20.45"
"66","2010","5","Karnataka","Tumkur","34.58","98.43","2846.44","0.0","0.0","0.0","0.43","0.41","953.49","0.0","0.0","0.0","0.43","0.41","953.49","0.2","0.22","1100.0","21.76","56.42","2592.83","180.84","329.94","1824.49","0.0","0.0","0.0","1.03","0.68","660.19","19.15","5.28","275.72","47.07","28.19","598.9","135.02","97.97","725.6","0.8","0.47","587.5","0.39","0.11","282.05","0.0","0.0","0.0","3.26","2.2","674.85","0.0","0.0","0.0","4.2","4.92","1171.43","0.02","0.01","500.0","144.93","74.82","516.25","1.65","16.15","9787.88","0.97","0.57","587.63","22.25","2.68","24.93","0.02","0.35","14.63"
"66","2011","5","Karnataka","Tumkur","28.44","79.64","2800.28","0.0","0.0","0.0","0.2","0.1","500.0","0.0","0.0","0.0","0.2","0.1","500.0","0.09","0.09","1000.0","25.89","61.56","2377.75","151.46","241.23","1592.7","0.0","0.0","0.0","0.75","0.37","493.33","14.48","4.88","337.02","37.98","23.07","607.42","88.55","26.61","300.51","0.73","0.36","493.15","0.56","0.12","214.29","0.0","0.0","0.0","4.32","3.08","712.96","0.0","0.0","0.0","2.5","2.59","1036.0","0.0","0.0","0.0","95.39","28.26","296.26","4.13","35.72","8645.01","1.45","0.77","531.03","21.94","3.16","25.1","0.03","0.67","12.28"
"66","2012","5","Karnataka","Tumkur","14.89","37.72","2533.24","0.0","0.0","0.0","0.0","0.0","0.0","3.33","3.41","1024.02","3.33","3.41","1024.02","0.09","0.09","1000.0","25.25","58.48","2316.04","142.0","151.58","1067.46","0.0","0.0","0.0","0.28","0.18","642.86","10.99","3.1","282.07","44.55","13.4","300.79","83.98","25.03","298.05","0.45","0.15","333.33","0.23","0.05","217.39","0.0","0.0","0.0","2.76","1.26","456.52","0.04","0.01","250.0","1.78","1.59","893.26","0.0","0.0","0.0","90.1","26.32","292.12","1.75","14.77","8440.0","1.38","0.57","413.04","22.34","2.46","24.79","0.04","0.41","6.52"
"66","2013","5","Karnataka","Tumkur","13.04","38.49","2951.69","0.0","0.0","0.0","1.72","0.99","575.58","0.06","0.09","1500.0","1.78","1.09","612.36","0.09","0.11","1222.22","25.47","54.29","2131.53","154.29","233.76","1515.07","0.0","0.0","0.0","0.24","0.19","791.67","10.97","4.24","386.51","32.62","13.42","411.4","71.87","36.32","505.36","0.32","0.15","468.75","0.42","0.07","166.67","0.03","0.02","666.67","2.27","1.48","651.98","0.0","0.0","0.0","1.24","0.82","661.29","0.0","0.0","0.0","76.95","33.66","437.43","1.56","12.27","7865.39","0.76","0.31","407.89","24.2","3.42","27.62","0.02","0.6","14.01"
"66","2014","5","Karnataka","Tumkur","9.51","26.93","2831.76","0.0","0.0","0.0","0.03","0.01","333.33","2.04","2.69","1318.63","2.07","2.7","1304.35","0.34","0.36","1058.82","28.2","67.44","2391.49","171.53","324.47","1891.62","0.0","0.0","0.0","1.89","1.36","719.58","10.04","2.34","233.07","39.76","15.3","384.81","88.01","44.46","505.17","0.27","0.03","111.11","0.15","0.03","200.0","0.0","0.0","0.0","2.98","1.66","557.05","0.03","0.01","333.33","1.47","1.05","714.29","0.0","0.0","0.0","93.51","42.33","452.68","1.67","17.45","10449.1","1.75","0.81","462.86","22.87","3.71","26.57","0.09","0.66","12.61"
"66","2015","5","Karnataka","Tumkur","10.38","29.25","2817.92","0.0","0.0","0.0","0.0","0.0","0.0","0.04","0.07","1750.0","0.04","0.07","1750.0","0.28","0.19","678.57","24.21","62.56","2584.06","161.63","272.25","1684.4","0.0","0.0","0.0","1.54","0.21","136.36","9.82","3.38","344.2","34.33","15.47","450.52","64.89","44.59","687.16","0.25","0.11","440.0","0.14","0.03","214.29","0.0","0.0","0.0","2.09","1.23","588.52","0.06","0.01","166.67","0.51","0.34","666.67","0.0","0.0","0.0","68.36","0.0","0.0","0.21","2.24","10450.0","1.53","0.5","326.8","24.68","4.69","29.36","0.07","1.13","15.58"
"66","2016","5","Karnataka","Tumkur","10.76","26.21","2434.88","0.0","0.0","0.0","0.0","0.0","0.0","0.04","0.03","842.11","0.04","0.03","842.11","0.02","0.02","1047.62","28.42","47.17","1659.99","141.57","136.45","963.78","0.0","0.0","0.0","0.02","0.01","588.24","14.14","3.01","212.77","23.63","4.88","206.41","93.25","31.25","335.15","0.3","0.1","321.07","3.12","0.57","183.27","0.0","0.0","0.0","1.59","0.2","123.5","0.15","0.01","51.95","0.36","0.19","541.67","0.0","0.0","0.0","0.0","0.0","0.0","0.74","6.63","9025.03","1.1","2.57","2328.41","25.76","4.82","30.58","0.01","0.85","11.16"
"66","2017","5","Karnataka","Tumkur","4.86","12.29","2529.02","0.02","0.02","1125.0","0.0","0.0","0.0","0.0","0.0","0.0","0.0","0.0","0.0","0.02","0.04","1583.33","20.12","58.93","2928.44","144.55","226.84","1569.33","0.0","0.0","0.0","0.35","0.27","771.19","10.96","2.87","262.15","40.69","13.67","335.96","55.3","43.59","788.33","0.33","0.29","878.05","0.32","0.05","156.92","0.0","0.0","0.0","1.52","0.47","308.6","0.23","0.08","344.83","0.1","0.05","454.55","0.0","0.0","0.0","0.0","0.0","0.0","0.92","8.62","9405.02","0.74","0.07","95.63","27.46","4.61","32.07","0.01","0.57","19.84"
"67","2000","5","Karnataka","Mysore","127.8","373.0","2918.62","0.0","0.0","0.0","39.18","29.41","750.64","1.56","1.68","1076.92","40.7","31.09","763.88","0.7","1.0","1428.57","41.8","120.0","2870.81","97.5","152.0","1558.97","0.0","0.0","0.0","2.3","2.0","869.57","7.4","3.0","405.41","112.4","61.0","542.7","14.1","16.0","1134.75","6.5","2.0","307.69","0.0","0.0","0.0","0.0","0.0","0.0","2.8","5.0","1785.71","0.0","0.0","0.0","3.7","2.0","540.54","0.04","0.05","1250.0","30.8","26.0","844.16","24.4","255.5","10471.31","74.4","23.63","317.61","7.81","5.96","13.76","0.04","1.71","0.03"
"67","2001","5","Karnataka","Mysore","133.79","417.5","3120.56","0.0","0.0","0.0","35.9","19.94","555.43","1.26","1.27","1007.94","37.16","21.21","570.78","0.32","0.16","500.0","32.15","107.71","3350.23","107.13","171.91","1604.69","0.0","0.0","0.0","2.93","1.72","587.03","6.71","3.12","464.98","142.57","68.13","477.87","23.84","27.79","1165.69","5.88","3.76","639.46","0.03","0.01","333.33","0.0","0.0","0.0","3.08","1.67","542.21","0.0","0.0","0.0","2.96","1.27","429.05","0.07","0.06","857.14","39.78","35.35","888.64","29.04","271.27","9341.25","66.47","14.21","213.78","7.37","6.37","13.75","0.06","2.29","0.04"
"67","2002","5","Karnataka","Mysore","95.39","262.85","2755.53","0.0","0.0","0.0","29.84","8.47","283.85","2.06","1.89","917.48","31.89","10.36","324.87","0.57","0.38","666.67","34.84","85.89","2465.27","94.59","97.04","1025.9","0.0","0.0","0.0","3.0","1.45","483.33","8.34","2.95","353.72","145.75","40.77","279.73","24.5","18.03","735.92","6.18","2.31","373.79","0.0","0.0","0.0","0.0","0.0","0.0","3.86","2.06","533.68","0.0","0.0","0.0","8.52","2.29","268.78","0.0","0.0","0.0","48.58","25.83","531.7","29.81","303.83","10192.22","41.38","5.58","134.85","8.46","6.5","14.96","0.06","2.15","0.04"
"67","2003","5","Karnataka","Mysore","92.97","277.23","2981.93","0.0","0.0","0.0","26.69","6.74","252.53","2.05","1.63","795.12","28.74","8.37","291.23","0.24","0.16","666.67","36.5","73.56","2015.34","103.78","97.31","937.66","0.0","0.0","0.0","3.39","1.14","336.28","5.06","2.19","432.81","126.66","30.66","242.07","23.4","11.87","507.26","4.94","2.04","412.96","0.0","0.0","0.0","0.0","0.0","0.0","2.4","1.18","491.67","0.0","0.0","0.0","5.26","1.48","281.37","0.0","0.0","0.0","40.71","17.55","431.1","17.43","188.04","10788.3","48.23","5.84","121.09","8.63","6.58","15.2","0.05","2.29","0.04"
"67","2004","5","Karnataka","Mysore","134.51","451.41","3355.96","0.0","0.0","0.0","45.97","65.06","1415.27","1.03","0.6","582.52","47.0","65.66","1397.02","0.62","0.5","806.45","38.34","115.18","3004.17","103.58","158.64","1531.57","0.0","0.0","0.0","3.12","2.41","772.44","7.25","4.28","590.34","157.15","53.11","337.96","28.8","27.83","966.32","12.75","12.11","949.8","0.0","0.0","0.0","0.0","0.0","0.0","3.01","2.11","701.0","0.0","0.0","0.0","7.09","3.82","538.79","0.02","0.01","500.0","56.14","46.8","833.63","11.16","135.31","12124.55","87.13","14.87","170.66","8.98","7.4","16.39","0.03","2.56","0.04"
"67","2005","5","Karnataka","Mysore","139.08","409.18","2942.05","0.0","0.0","0.0","39.4","31.0","786.8","1.12","1.09","973.21","40.52","32.08","791.71","0.92","0.9","978.26","44.97","151.01","3358.02","124.11","257.06","2071.23","0.0","0.0","0.0","3.65","2.12","580.82","6.17","3.53","572.12","153.14","57.6","376.13","37.47","28.32","755.8","9.69","13.29","1371.52","0.03","0.01","333.33","0.0","0.0","0.0","5.59","3.49","624.33","0.0","0.0","0.0","8.86","3.4","383.75","0.01","0.01","1000.0","67.74","49.77","734.72","15.11","157.5","10423.56","53.45","13.91","260.24","8.74","8.9","17.64","0.01","2.88","0.06"
"67","2006","5","Karnataka","Mysore","130.67","363.55","2782.2","0.0","0.0","0.0","35.12","35.54","1011.96","0.52","0.38","730.77","35.65","35.93","1007.85","0.39","0.24","615.38","55.46","176.16","3176.34","85.27","126.41","1482.47","0.0","0.0","0.0","5.23","2.2","420.65","7.42","5.9","795.15","151.69","59.61","392.97","22.33","11.18","500.67","15.14","14.37","949.14","0.0","0.0","0.0","0.0","0.0","0.0","5.07","3.55","700.2","0.0","0.0","0.0","18.2","9.12","501.1","0.02","0.02","1000.0","65.12","39.13","600.89","19.22","229.55","11943.29","56.58","8.7","153.76","9.91","8.57","18.48","0.2","2.44","0.06"
"67","2007","5","Karnataka","Mysore","142.49","421.44","2957.68","0.0","0.0","0.0","30.44","27.35","898.49","0.35","0.43","1228.57","30.8","27.78","901.95","0.78","0.97","1243.59","64.73","189.96","2934.65","99.61","158.93","1595.52","0.0","0.0","0.0","4.65","3.05","655.91","5.1","2.52","494.12","151.47","66.68","440.22","21.21","14.01","660.54","10.24","6.56","640.62","0.0","0.0","0.0","0.0","0.0","0.0","4.81","2.13","442.83","0.0","0.0","0.0","18.41","7.0","380.23","0.05","0.04","800.0","61.79","33.33","539.41","23.62","198.24","8392.89","54.69","6.38","116.66","15.11","11.36","26.46","0.21","3.44","0.06"
"67","2008","5","Karnataka","Mysore","143.09","421.28","2944.16","4.2","2.7","642.86","29.22","20.18","690.62","0.49","0.74","1510.2","29.71","20.92","704.14","0.48","0.34","708.33","67.85","206.79","3047.75","84.05","146.86","1747.29","0.0","0.0","0.0","4.7","2.72","578.72","5.49","2.54","462.66","143.45","57.02","397.49","20.4","12.49","612.25","8.87","5.28","595.26","0.0","0.0","0.0","0.0","0.0","0.0","3.8","3.64","957.89","0.0","0.0","0.0","18.72","12.22","652.78","0.02","0.01","500.0","55.69","35.04","629.2","21.14","135.32","6401.14","44.07","6.0","136.15","18.19","11.78","29.96","0.17","3.23","0.06"
"67","2009","5","Karnataka","Mysore","140.76","427.64","3038.08","0.0","0.0","0.0","31.98","19.65","614.45","0.79","0.92","1164.56","32.77","20.57","627.71","0.54","0.3","555.56","67.29","175.43","2607.07","82.45","144.35","1750.76","0.0","0.0","0.0","5.27","3.37","639.47","5.32","3.26","612.78","156.7","82.62","527.25","22.75","13.7","602.2","12.22","7.72","631.75","0.0","0.0","0.0","0.0","0.0","0.0","3.36","1.37","407.74","0.0","0.0","0.0","18.66","4.61","247.05","0.0","0.0","0.0","60.66","28.91","476.59","25.3","161.71","6391.7","42.01","9.33","222.09","19.1","12.3","31.38","0.14","3.34","0.04"
"67","2010","5","Karnataka","Mysore","143.53","441.19","3073.85","0.0","0.0","0.0","32.26","39.61","1227.84","0.13","0.14","1076.92","32.39","39.75","1227.23","0.31","0.34","1096.77","63.12","209.75","3323.04","72.78","115.36","1585.05","0.0","0.0","0.0","3.88","2.51","646.91","5.72","4.26","744.76","151.06","80.37","532.04","17.69","12.3","695.31","13.46","9.37","696.14","0.0","0.0","0.0","0.0","0.0","0.0","4.05","2.64","651.85","0.0","0.0","0.0","14.33","8.06","562.46","0.0","0.0","0.0","52.57","33.38","634.96","18.72","205.64","10985.04","41.8","10.86","259.81","21.94","12.59","34.53","1.22","3.19","0.04"
"67","2011","5","Karnataka","Mysore","136.45","431.65","3163.43","0.0","0.0","0.0","35.08","33.42","952.68","0.0","0.0","0.0","35.08","33.42","952.68","0.26","0.22","846.15","71.91","176.84","2459.19","62.43","99.87","1599.71","0.0","0.0","0.0","4.02","2.46","611.94","5.75","2.8","486.96","132.02","75.18","569.46","23.22","14.4","620.16","11.53","7.51","651.34","0.01","0.0","0.0","0.0","0.0","0.0","3.25","1.62","498.46","0.0","0.0","0.0","10.52","4.74","450.57","0.0","0.0","0.0","51.71","28.77","556.37","40.03","451.67","11284.44","50.92","17.66","346.82","24.37","12.26","36.62","0.38","3.57","0.4"
"67","2012","5","Karnataka","Mysore","102.1","325.11","3184.23","0.0","0.0","0.0","29.15","9.87","338.59","1.09","0.21","192.66","30.23","10.07","333.11","0.64","1.26","1968.75","75.07","200.0","2664.18","46.57","60.87","1307.06","0.0","0.0","0.0","10.15","2.92","287.68","5.72","4.43","774.48","158.09","46.34","293.12","11.06","5.36","484.63","8.31","1.88","226.23","0.0","0.0","0.0","0.0","0.0","0.0","2.77","1.32","476.53","0.0","0.0","0.0","10.86","1.83","168.51","0.0","0.0","0.0","34.79","10.57","303.82","14.1","110.65","7847.52","51.86","10.22","197.07","22.88","12.15","35.02","0.48","2.64","0.05"
"67","2013","5","Karnataka","Mysore","117.83","407.47","3458.12","0.0","0.0","0.0","18.76","17.78","947.76","0.39","0.23","589.74","19.15","18.01","940.47","0.92","1.42","1543.48","73.68","246.78","3349.35","51.28","85.92","1675.51","0.0","0.0","0.0","4.22","2.33","552.13","4.88","2.66","545.08","131.47","66.38","504.91","18.09","15.57","860.7","7.84","4.2","535.71","0.0","0.0","0.0","0.0","0.0","0.0","2.58","0.88","341.09","0.0","0.0","0.0","8.77","4.71","537.06","0.0","0.0","0.0","43.33","24.55","566.58","11.05","97.34","8809.05","56.35","30.04","533.1","18.11","12.9","31.01","0.46","3.12","0.03"
"67","2014","5","Karnataka","Mysore","117.04","395.0","3374.91","0.0","0.0","0.0","19.48","14.07","722.28","0.31","0.16","516.13","19.79","14.23","719.05","0.37","0.46","1243.24","71.43","272.26","3811.56","55.72","107.57","1930.55","0.0","0.0","0.0","5.02","3.21","639.44","3.75","2.09","557.33","122.72","50.47","411.26","15.95","11.18","700.94","5.29","2.87","542.53","0.0","0.0","0.0","0.0","0.0","0.0","1.76","0.81","460.23","0.01","0.0","0.0","9.84","3.05","309.96","0.0","0.0","0.0","35.07","18.23","519.82","7.67","67.3","8774.45","63.23","18.63","294.64","21.19","15.5","36.68","0.4","3.49","0.53"
"67","2015","5","Karnataka","Mysore","107.4","366.09","3408.66","0.0","0.0","0.0","16.5","12.63","765.45","0.16","0.13","812.5","16.66","12.76","765.91","0.52","0.66","1269.23","75.77","271.13","3578.33","66.8","125.2","1874.25","0.0","0.0","0.0","4.25","2.69","632.94","3.31","1.32","398.79","156.01","72.97","467.72","14.57","11.1","761.84","10.86","7.67","706.26","0.0","0.0","0.0","0.0","0.0","0.0","1.41","0.64","453.9","0.02","0.0","0.0","9.85","3.38","343.15","0.0","0.0","0.0","37.11","0.0","0.0","9.16","87.47","9549.28","62.74","14.29","227.77","18.86","16.7","35.57","0.57","3.78","0.07"
"67","2016","5","Karnataka","Mysore","72.46","204.8","2826.23","0.0","0.0","0.0","20.69","15.89","768.03","0.07","0.06","941.18","20.76","15.96","768.59","0.05","0.04","679.25","63.19","126.66","2004.53","22.51","18.4","817.38","0.0","0.0","0.0","0.85","0.19","227.97","3.72","1.15","308.54","100.97","54.0","534.84","11.78","2.87","243.34","1.81","0.95","524.02","0.0","0.0","0.0","0.0","0.0","0.0","1.16","0.22","192.04","0.0","0.0","0.0","10.5","3.4","323.94","0.0","0.0","0.0","0.0","0.0","0.0","5.21","46.3","8881.58","48.73","5.09","104.53","19.05","16.64","35.69","0.45","4.44","0.02"
"67","2017","5","Karnataka","Mysore","68.14","210.73","3092.59","0.0","0.0","0.0","29.25","23.48","802.78","0.29","0.32","1117.24","29.54","23.8","805.86","1.7","2.98","1751.76","78.6","330.54","4205.46","76.14","136.22","1789.02","0.0","0.0","0.0","3.1","2.37","764.42","2.81","2.26","806.62","165.91","80.93","487.77","8.78","10.27","1170.1","7.91","5.57","704.4","0.0","0.0","0.0","0.0","0.0","0.0","1.34","0.91","678.12","0.0","0.0","0.0","8.59","6.34","737.69","0.0","0.0","0.0","0.0","0.0","0.0","10.94","125.66","11488.57","58.04","24.48","421.79","19.66","18.93","38.59","0.41","4.9","0.0"
"68","2000","5","Karnataka","Mandya","78.9","234.0","2965.78","0.0","0.0","0.0","3.92","3.73","951.53","0.0","0.0","0.0","3.9","3.73","956.41","0.0","0.0","0.0","0.3","0.0","0.0","78.3","158.0","2017.88","0.0","0.0","0.0","0.0","0.0","0.0","1.2","1.0","833.33","37.3","21.0","563.0","8.2","6.0","731.71","3.2","1.0","312.5","0.0","0.0","0.0","0.0","0.0","0.0","1.4","1.0","714.29","0.0","0.0","0.0","0.0","0.0","0.0","0.06","0.06","1000.0","15.6","9.0","576.92","27.7","363.3","13115.52","0.0","0.0","0.0","4.71","4.29","9.0","0.1","0.39","2.02"
"68","2001","5","Karnataka","Mandya","71.99","213.49","2965.55","0.0","0.0","0.0","1.8","1.21","672.22","0.0","0.0","0.0","1.8","1.21","672.22","0.0","0.0","0.0","0.0","0.0","0.0","77.0","138.6","1800.0","0.0","0.0","0.0","0.0","0.0","0.0","0.65","0.2","307.69","46.58","22.7","487.33","5.79","4.54","784.11","1.93","1.02","528.5","0.0","0.0","0.0","0.0","0.0","0.0","0.81","0.38","469.14","0.0","0.0","0.0","0.01","0.01","1000.0","0.01","0.01","1000.0","11.38","6.49","570.3","35.06","426.37","12161.15","0.0","0.0","0.0","5.14","4.29","9.43","0.11","0.34","2.27"
"68","2002","5","Karnataka","Mandya","43.12","122.36","2837.66","0.0","0.0","0.0","0.87","0.5","574.71","0.26","0.13","500.0","1.13","0.63","557.52","0.0","0.0","0.0","3.21","5.95","1853.58","52.79","58.21","1102.67","0.0","0.0","0.0","0.18","0.09","500.0","0.7","0.33","471.43","39.18","10.92","278.71","2.0","1.74","870.0","1.21","0.53","438.02","0.0","0.0","0.0","0.0","0.0","0.0","0.57","0.25","438.6","0.0","0.0","0.0","0.01","0.0","0.0","0.03","0.02","666.67","4.95","2.75","555.56","29.69","335.6","11303.47","0.0","0.0","0.0","4.94","3.96","8.9","0.15","0.33","1.95"
"68","2003","5","Karnataka","Mandya","54.56","176.86","3241.57","0.0","0.0","0.0","0.54","0.29","537.04","0.15","0.02","133.33","0.68","0.3","441.18","0.0","0.0","0.0","3.5","7.67","2191.43","65.58","73.79","1125.19","0.0","0.0","0.0","0.24","0.08","333.33","0.65","0.24","369.23","44.42","11.44","257.54","2.78","3.24","1165.47","3.47","0.76","219.02","0.0","0.0","0.0","0.0","0.0","0.0","0.89","0.8","898.88","0.0","0.0","0.0","0.01","0.01","1000.0","0.02","0.01","500.0","8.53","5.07","594.37","13.04","147.44","11306.75","0.0","0.0","0.0","4.92","3.28","8.2","0.1","0.24","11.07"
"68","2004","5","Karnataka","Mandya","91.99","339.53","3690.94","0.0","0.0","0.0","1.25","0.95","760.0","0.03","0.01","333.33","1.28","0.97","757.81","0.0","0.0","0.0","4.12","14.42","3500.0","66.65","132.61","1989.65","0.0","0.0","0.0","0.05","0.04","800.0","1.25","0.65","520.0","37.61","16.82","447.22","4.17","4.77","1143.88","13.55","8.45","623.62","0.0","0.0","0.0","0.0","0.0","0.0","1.54","1.33","863.64","0.0","0.0","0.0","0.05","0.02","400.0","0.06","0.04","666.67","21.52","15.01","697.49","14.78","164.22","11110.96","0.01","0.0","0.0","5.11","4.49","9.59","0.12","0.41","11.24"
"68","2005","5","Karnataka","Mandya","83.81","256.75","3063.48","0.0","0.0","0.0","1.61","0.81","503.11","0.01","0.01","1000.0","1.62","0.82","506.17","0.0","0.0","0.0","2.6","6.27","2411.54","75.33","149.99","1991.11","0.0","0.0","0.0","0.0","0.0","0.0","1.14","0.78","684.21","33.16","13.36","402.9","4.21","2.57","610.45","6.92","8.92","1289.02","0.0","0.0","0.0","0.0","0.0","0.0","1.1","1.14","1036.36","0.0","0.0","0.0","0.08","0.03","375.0","0.08","0.05","625.0","14.51","13.1","902.83","13.13","138.47","10546.08","0.01","0.0","0.0","4.91","4.74","9.65","0.13","0.42","0.37"
"68","2006","5","Karnataka","Mandya","69.54","209.67","3015.1","0.0","0.0","0.0","0.12","0.2","1666.67","0.0","0.0","0.0","0.12","0.2","1666.67","0.0","0.0","0.0","3.25","6.66","2049.23","20.66","30.46","1474.35","0.0","0.0","0.0","0.05","0.03","600.0","0.74","0.33","445.95","77.56","13.21","170.32","2.46","1.04","422.76","4.69","3.88","827.29","0.0","0.0","0.0","0.0","0.0","0.0","0.67","0.54","805.97","0.0","0.0","0.0","0.02","0.01","500.0","0.01","0.01","1000.0","8.4","5.58","664.29","18.85","207.69","11018.04","0.0","0.0","0.0","5.67","4.81","10.48","0.16","0.32","1.32"
"68","2007","5","Karnataka","Mandya","86.72","278.04","3206.18","0.0","0.0","0.0","0.24","0.2","833.33","0.0","0.0","0.0","0.24","0.2","833.33","0.0","0.0","0.0","2.17","7.17","3304.15","67.72","127.71","1885.85","0.0","0.0","0.0","0.18","0.14","777.78","0.9","0.6","666.67","34.13","20.33","595.66","2.55","1.92","752.94","5.45","4.36","800.0","0.0","0.0","0.0","0.0","0.0","0.0","0.96","0.64","666.67","0.0","0.0","0.0","0.02","0.01","500.0","0.01","0.01","1000.0","10.35","7.45","719.81","39.85","233.51","5859.72","0.0","0.0","0.0","4.53","5.49","10.02","0.42","0.41","4.55"
"68","2008","5","Karnataka","Mandya","89.36","285.55","3195.5","0.07","0.06","857.14","0.0","0.0","0.0","0.0","0.0","0.0","0.0","0.0","0.0","0.0","0.0","0.0","5.94","9.92","1670.03","79.67","108.49","1361.74","0.0","0.0","0.0","0.0","0.0","0.0","1.16","0.61","525.86","35.15","15.41","438.41","1.73","1.15","664.74","4.6","4.07","884.78","0.0","0.0","0.0","0.0","0.0","0.0","1.08","1.03","953.7","0.0","0.0","0.0","0.0","0.0","0.0","0.0","0.0","0.0","9.22","6.86","744.03","37.7","264.3","7010.61","0.0","0.0","0.0","4.39","5.65","10.04","0.36","0.43","3.12"
"68","2009","5","Karnataka","Mandya","79.96","263.41","3294.27","0.0","0.0","0.0","0.0","0.0","0.0","0.0","0.0","0.0","0.0","0.0","0.0","0.0","0.0","0.0","4.07","5.26","1292.38","65.59","99.95","1523.86","0.0","0.0","0.0","0.07","0.05","714.29","1.32","0.61","462.12","36.46","15.71","430.88","1.26","1.43","1134.92","4.09","3.18","777.51","0.0","0.0","0.0","0.0","0.0","0.0","0.9","0.58","644.44","0.0","0.0","0.0","0.0","0.0","0.0","0.0","0.0","0.0","8.06","5.98","741.94","47.94","268.25","5595.54","0.0","0.0","0.0","5.06","5.47","10.53","0.39","0.37","1.96"
"68","2010","5","Karnataka","Mandya","81.04","277.06","3418.81","0.0","0.0","0.0","0.0","0.0","0.0","0.0","0.0","0.0","0.0","0.0","0.0","0.0","0.0","0.0","4.75","7.96","1675.79","73.37","166.45","2268.64","0.0","0.0","0.0","0.01","0.01","1000.0","1.55","0.92","593.55","37.59","22.31","593.51","1.54","1.09","707.79","5.55","4.44","800.0","0.0","0.0","0.0","0.0","0.0","0.0","1.36","1.14","838.24","0.0","0.0","0.0","0.0","0.0","0.0","0.01","0.01","1000.0","10.46","7.7","736.14","31.11","413.79","13300.87","0.0","0.0","0.0","5.04","6.24","11.28","0.17","0.37","2.49"
"68","2011","5","Karnataka","Mandya","74.16","251.64","3393.2","0.0","0.0","0.0","0.03","0.05","1666.67","0.0","0.0","0.0","0.03","0.05","1666.67","0.0","0.0","0.0","5.26","15.56","2958.17","55.53","115.1","2072.75","0.0","0.0","0.0","0.0","0.0","0.0","1.37","0.5","364.96","35.05","18.34","523.25","0.49","0.26","530.61","5.5","3.59","652.73","0.0","0.0","0.0","0.0","0.0","0.0","0.85","0.75","882.35","0.0","0.0","0.0","0.01","0.0","0.0","0.0","0.0","0.0","9.94","6.04","607.65","61.93","817.81","13205.0","0.0","0.0","0.0","5.27","6.26","11.53","0.18","0.37","2.05"
"68","2012","5","Karnataka","Mandya","49.95","155.66","3116.32","0.0","0.0","0.0","0.84","1.03","1226.19","0.0","0.0","0.0","0.84","1.03","1226.19","0.0","0.0","0.0","4.31","7.72","1791.18","47.28","75.97","1606.81","0.0","0.0","0.0","0.04","0.03","750.0","1.75","0.53","302.86","37.36","12.28","328.69","1.45","0.77","531.03","5.41","0.9","166.36","0.0","0.0","0.0","0.0","0.0","0.0","0.69","0.43","623.19","0.0","0.0","0.0","0.01","0.0","0.0","0.0","0.0","0.0","8.53","2.47","289.57","28.75","346.88","12065.39","0.0","0.0","0.0","5.31","10.21","15.52","0.23","0.37","3.56"
"68","2013","5","Karnataka","Mandya","65.62","229.15","3492.08","0.0","0.0","0.0","0.87","1.24","1425.29","0.01","0.01","1000.0","0.88","1.25","1420.45","0.0","0.0","0.0","3.17","10.9","3438.49","49.98","97.28","1946.38","0.0","0.0","0.0","0.21","0.16","761.9","1.23","0.36","292.68","31.74","14.42","454.32","1.3","1.03","792.31","5.01","2.61","520.96","0.0","0.0","0.0","0.0","0.0","0.0","0.45","0.4","888.89","0.0","0.0","0.0","0.01","0.01","1000.0","0.0","0.0","0.0","8.03","4.25","529.27","19.46","249.6","12826.31","0.0","0.0","0.0","4.42","9.87","14.29","0.06","0.16","1.12"
"68","2014","5","Karnataka","Mandya","66.52","245.46","3690.02","0.0","0.0","0.0","1.29","1.79","1387.6","0.0","0.0","0.0","1.29","1.79","1387.6","0.04","0.04","1000.0","4.49","17.93","3993.32","59.36","107.1","1804.25","0.0","0.0","0.0","0.21","0.15","714.29","1.07","0.32","299.07","37.26","17.06","457.86","1.18","0.82","694.92","3.29","0.95","288.75","0.0","0.0","0.0","0.0","0.0","0.0","0.67","0.41","611.94","0.0","0.0","0.0","0.01","0.01","1000.0","0.0","0.0","0.0","6.15","2.6","422.76","21.59","254.35","11780.92","0.01","0.0","0.0","4.7","11.91","16.61","0.09","0.28","1.55"
"68","2015","5","Karnataka","Mandya","58.49","214.38","3665.24","0.0","0.0","0.0","1.01","1.15","1138.61","0.02","0.01","500.0","1.02","1.16","1137.25","0.0","0.0","0.0","4.89","17.16","3509.2","61.09","112.13","1835.49","0.0","0.0","0.0","0.17","0.07","411.76","1.25","0.46","368.0","35.5","16.95","477.33","1.36","1.12","823.53","2.63","1.4","532.32","0.0","0.0","0.0","0.0","0.0","0.0","0.4","0.21","525.0","0.0","0.0","0.0","0.01","0.0","0.0","0.0","0.0","0.0","5.22","0.0","0.0","27.78","306.18","11020.0","0.0","0.0","0.0","4.56","11.81","16.37","0.1","0.17","1.46"
"68","2016","5","Karnataka","Mandya","43.66","113.68","2603.46","0.0","0.0","0.0","0.0","0.0","0.0","0.0","0.0","0.0","0.0","0.0","0.0","0.0","0.0","0.0","3.81","4.17","1093.13","38.03","45.94","1207.94","0.0","0.0","0.0","0.08","0.05","584.42","0.89","0.3","340.09","39.59","16.95","428.11","0.71","0.03","45.01","1.72","1.05","609.18","0.0","0.0","0.0","0.0","0.0","0.0","0.37","0.18","495.91","0.0","0.0","0.0","0.0","0.0","500.0","0.0","0.0","1000.0","0.0","0.0","0.0","17.63","219.38","12445.0","0.0","0.0","0.0","4.19","8.06","12.25","0.02","0.18","2.44"
"68","2017","5","Karnataka","Mandya","33.85","100.51","2969.07","0.0","0.0","0.0","0.0","0.0","0.0","0.0","0.0","0.0","0.0","0.0","0.0","0.0","0.0","0.0","10.29","31.66","3077.18","83.79","140.67","1678.82","0.0","0.0","0.0","0.03","0.02","769.23","1.05","0.68","645.04","51.33","24.17","470.86","0.55","0.46","845.87","6.78","3.82","562.42","0.0","0.0","0.0","0.0","0.0","0.0","0.27","0.18","642.34","0.0","0.0","0.0","0.01","0.01","1000.0","0.0","0.0","0.0","0.0","0.0","0.0","20.94","234.75","11210.0","0.0","0.0","0.0","3.79","6.63","10.42","0.03","0.2","1.42"
"69","2000","5","Karnataka","Hassan","68.2","170.0","2492.67","0.0","0.0","0.0","1.48","2.34","1581.08","0.38","0.35","921.05","1.9","2.7","1421.05","0.0","0.0","0.0","14.8","58.0","3918.92","130.2","211.0","1620.58","0.0","0.0","0.0","1.0","1.0","1000.0","3.0","1.0","333.33","46.8","17.0","363.25","4.3","5.0","1162.79","5.0","2.0","400.0","0.4","0.0","0.0","0.0","0.0","0.0","4.0","2.0","500.0","0.0","0.0","0.0","4.7","4.0","851.06","0.04","0.04","1000.0","28.6","14.0","489.51","5.6","62.3","11125.0","3.5","1.02","291.43","4.02","18.62","22.64","14.23","0.23","1.08"
"69","2001","5","Karnataka","Hassan","57.17","144.14","2521.25","0.0","0.0","0.0","1.09","1.76","1614.68","1.07","0.66","616.82","2.16","2.42","1120.37","0.0","0.0","0.0","15.11","57.95","3835.21","115.58","184.66","1597.68","0.0","0.0","0.0","1.59","0.93","584.91","2.48","0.5","201.61","52.27","18.25","349.15","1.9","1.27","668.42","2.84","1.32","464.79","0.4","0.11","275.0","0.0","0.0","0.0","3.71","1.69","455.53","0.0","0.0","0.0","2.15","1.92","893.02","0.02","0.02","1000.0","17.1","7.38","431.58","7.16","72.09","10068.44","2.33","0.7","300.43","5.51","22.4","27.91","15.37","0.33","0.41"
"69","2002","5","Karnataka","Hassan","48.78","82.2","1685.12","0.0","0.0","0.0","2.84","2.01","707.75","5.04","3.3","654.76","7.88","5.31","673.86","0.0","0.0","0.0","19.16","58.53","3054.8","115.39","103.89","900.34","0.0","0.0","0.0","1.9","0.97","510.53","2.19","0.36","164.38","53.7","9.93","184.92","2.37","1.88","793.25","3.91","1.63","416.88","0.24","0.07","291.67","0.0","0.0","0.0","2.04","0.8","392.16","0.0","0.0","0.0","7.25","2.86","394.48","0.0","0.0","0.0","19.82","7.94","400.61","8.61","84.25","9785.13","1.8","0.16","88.89","7.44","44.06","51.49","35.65","0.33","1.04"
"69","2003","5","Karnataka","Hassan","39.53","67.69","1712.37","0.0","0.0","0.0","1.77","1.06","598.87","4.04","1.57","388.61","5.81","2.64","454.39","0.0","0.0","0.0","21.92","38.48","1755.47","142.54","94.21","660.94","0.0","0.0","0.0","2.56","0.86","335.94","2.16","0.34","157.41","32.34","7.66","236.86","0.94","0.77","819.15","1.35","0.47","348.15","0.49","0.13","265.31","0.0","0.0","0.0","2.55","0.66","258.82","0.0","0.0","0.0","5.77","1.53","265.16","0.01","0.0","0.0","13.82","4.04","292.33","3.79","39.27","10361.48","0.17","0.02","117.65","6.82","41.91","48.73","35.36","0.24","1.14"
"69","2004","5","Karnataka","Hassan","53.18","135.49","2547.76","0.0","0.0","0.0","3.74","4.24","1133.69","1.53","0.9","588.24","5.26","5.14","977.19","0.0","0.0","0.0","30.07","98.06","3261.06","108.85","168.95","1552.14","0.0","0.0","0.0","2.86","1.1","384.62","2.11","0.92","436.02","41.65","14.98","359.66","2.75","3.05","1109.09","4.96","3.09","622.98","0.41","0.11","268.29","0.0","0.0","0.0","2.44","1.13","463.11","0.0","0.0","0.0","10.4","8.7","836.54","0.0","0.0","0.0","25.94","16.95","653.43","3.1","33.55","10822.58","1.81","0.31","171.27","7.0","41.48","48.48","36.15","0.11","3.05"
"69","2005","5","Karnataka","Hassan","52.53","119.46","2274.13","0.0","0.0","0.0","2.3","3.37","1465.22","0.77","0.42","545.45","3.07","3.79","1234.53","0.0","0.0","0.0","32.23","94.82","2941.98","106.84","160.02","1497.75","0.0","0.0","0.0","1.7","0.76","447.06","2.71","1.16","428.04","33.32","10.36","310.92","2.2","2.57","1168.18","3.63","4.4","1212.12","0.2","0.06","300.0","0.0","0.0","0.0","2.92","2.07","708.9","0.0","0.0","0.0","13.09","10.52","803.67","0.0","0.0","0.0","26.75","20.44","764.11","2.54","25.84","10173.23","1.25","0.21","168.0","6.83","59.87","66.7","55.79","0.16","2.67"
"69","2006","5","Karnataka","Hassan","51.74","126.5","2444.92","0.0","0.0","0.0","4.17","3.06","733.81","1.75","0.82","468.57","5.92","3.88","655.41","0.0","0.0","0.0","41.18","129.91","3154.69","80.92","92.14","1138.66","0.0","0.0","0.0","3.02","1.61","533.11","2.48","0.84","338.71","35.77","14.81","414.03","1.67","0.89","532.93","3.75","3.22","858.67","0.22","0.06","272.73","0.0","0.0","0.0","2.58","1.4","542.64","0.0","0.0","0.0","15.64","5.84","373.4","0.0","0.0","0.0","28.01","12.13","433.06","5.73","66.41","11589.88","3.11","0.43","138.26","6.82","47.49","54.31","42.83","0.14","0.84"
"69","2007","5","Karnataka","Hassan","52.43","128.65","2453.75","0.0","0.0","0.0","3.05","3.39","1111.48","0.43","0.27","627.91","3.48","3.65","1048.85","0.0","0.0","0.0","47.43","148.88","3138.94","75.65","98.41","1300.86","0.0","0.0","0.0","1.73","0.97","560.69","2.07","0.76","367.15","30.93","11.8","381.51","1.31","0.97","740.46","2.84","1.53","538.73","0.16","0.06","375.0","0.0","0.0","0.0","2.5","1.25","500.0","0.0","0.0","0.0","15.15","9.05","597.36","0.0","0.0","0.0","25.74","14.28","554.78","7.35","41.25","5612.24","1.11","0.16","144.14","7.13","49.35","56.49","43.35","0.16","0.66"
"69","2008","5","Karnataka","Hassan","53.15","131.49","2473.94","5.83","10.01","1716.98","2.85","3.2","1122.81","0.52","0.5","961.54","3.38","3.7","1094.67","0.0","0.0","0.0","41.75","138.3","3312.57","73.93","100.19","1355.2","0.0","0.0","0.0","1.92","1.57","817.71","1.76","0.61","346.59","26.08","9.03","346.24","0.8","0.67","837.5","2.81","1.21","430.61","0.18","0.07","388.89","0.0","0.0","0.0","2.77","1.55","559.57","0.0","0.0","0.0","14.75","8.24","558.64","0.0","0.0","0.0","24.37","13.16","540.01","4.67","26.78","5734.48","0.82","0.22","268.29","7.77","64.01","71.78","57.5","0.13","0.75"
"69","2009","5","Karnataka","Hassan","47.66","127.89","2683.38","0.0","0.0","0.0","2.61","3.23","1237.55","0.7","0.6","857.14","3.31","3.84","1160.12","0.0","0.0","0.0","62.83","222.25","3537.32","70.21","106.83","1521.58","0.0","0.0","0.0","2.12","1.0","471.7","2.24","0.87","388.39","29.92","12.69","424.13","1.24","0.68","548.39","3.71","2.29","617.25","0.3","0.09","300.0","0.0","0.0","0.0","2.02","1.08","534.65","0.0","0.0","0.0","15.3","8.14","532.03","0.0","0.0","0.0","25.65","13.69","533.72","6.78","23.55","3473.45","0.3","0.08","266.67","8.69","24.94","33.63","18.27","0.09","0.56"
"69","2010","5","Karnataka","Hassan","51.75","149.23","2883.67","0.0","0.0","0.0","3.38","6.9","2041.42","0.43","0.49","1139.53","3.81","7.4","1942.26","0.0","0.0","0.0","63.55","280.45","4413.06","86.04","165.13","1919.22","0.0","0.0","0.0","2.33","1.58","678.11","2.52","1.54","611.11","56.77","27.81","489.87","0.99","1.04","1050.51","5.19","5.27","1015.41","0.27","0.1","370.37","0.0","0.0","0.0","2.08","1.68","807.69","0.0","0.0","0.0","6.81","6.1","895.74","0.0","0.0","0.0","18.98","14.64","771.34","3.64","37.35","10260.99","0.11","0.04","363.64","8.84","28.01","36.85","20.65","0.12","0.55"
"69","2011","5","Karnataka","Hassan","48.87","120.86","2473.09","0.0","0.0","0.0","1.74","1.6","919.54","0.41","0.28","682.93","2.15","1.89","879.07","0.0","0.0","0.0","65.7","231.95","3530.44","71.94","109.23","1518.35","0.0","0.0","0.0","2.28","1.51","662.28","2.57","1.6","622.57","48.68","20.7","425.23","0.79","0.58","734.18","4.83","2.73","565.22","0.17","0.05","294.12","0.0","0.0","0.0","1.82","1.45","796.7","0.0","0.0","0.0","2.58","2.61","1011.63","0.0","0.0","0.0","12.03","7.75","644.22","4.36","42.66","9785.0","0.09","0.04","444.44","9.42","26.13","35.56","20.29","0.14","0.95"
"69","2012","5","Karnataka","Hassan","49.29","107.78","2186.65","0.0","0.0","0.0","2.53","1.21","478.26","0.19","0.09","473.68","2.71","1.3","479.7","0.04","0.05","1250.0","70.13","185.53","2645.52","74.48","72.46","972.88","0.0","0.0","0.0","1.29","0.65","503.88","1.83","0.61","333.33","46.77","9.15","195.64","0.66","0.44","666.67","3.45","0.6","173.91","0.17","0.05","294.12","0.0","0.0","0.0","0.91","0.46","505.49","0.0","0.0","0.0","1.14","0.37","324.56","0.0","0.0","0.0","9.0","2.11","234.44","2.43","18.22","7497.94","0.06","0.03","500.0","8.45","22.12","30.57","16.25","0.08","0.4"
"69","2013","5","Karnataka","Hassan","51.8","158.59","3061.58","0.0","0.0","0.0","2.34","1.58","675.21","0.31","0.21","677.42","2.65","1.79","675.47","0.04","0.05","1250.0","70.02","230.2","3287.63","76.42","134.61","1761.45","0.0","0.0","0.0","1.88","1.1","585.11","2.02","0.87","430.69","31.27","11.68","373.52","1.03","0.87","844.66","1.89","0.47","248.68","0.17","0.02","117.65","0.0","0.0","0.0","1.18","1.27","1076.27","0.0","0.0","0.0","0.65","0.27","415.38","0.0","0.0","0.0","8.46","4.23","500.0","1.46","12.23","8376.71","0.28","0.15","535.71","9.43","25.53","34.96","18.56","0.05","0.22"
"69","2014","5","Karnataka","Hassan","48.07","146.29","3043.27","0.0","0.0","0.0","1.13","0.96","849.56","0.0","0.0","0.0","1.13","0.96","849.56","0.0","0.0","0.0","83.44","323.28","3874.4","74.38","155.98","2097.07","0.0","0.0","0.0","1.85","1.9","1027.03","2.36","3.43","1453.39","38.88","14.68","377.57","0.81","0.6","740.74","3.61","1.77","490.3","0.18","0.04","222.22","0.0","0.0","0.0","1.31","1.25","954.2","0.0","0.0","0.0","0.91","0.69","758.24","0.0","0.0","0.0","8.86","4.82","544.02","1.57","17.13","10910.83","0.4","0.2","500.0","9.08","28.52","37.6","22.22","0.08","0.08"
"69","2015","5","Karnataka","Hassan","42.82","117.08","2734.24","0.0","0.0","0.0","0.96","0.58","604.17","0.04","0.03","750.0","1.0","0.6","600.0","0.0","0.0","0.0","79.06","250.12","3163.67","69.66","109.58","1573.07","0.0","0.0","0.0","3.59","2.27","632.31","1.92","0.99","515.63","31.33","11.7","373.42","0.86","0.59","686.05","2.41","1.13","468.88","0.15","0.03","200.0","0.0","0.0","0.0","1.02","0.7","686.27","0.0","0.0","0.0","0.88","0.51","579.55","0.0","0.0","0.0","6.94","0.0","0.0","0.69","9.82","14249.93","0.35","0.12","342.86","8.57","25.43","34.0","18.67","0.08","0.02"
"69","2016","5","Karnataka","Hassan","26.1","53.23","2039.43","0.0","0.0","0.0","0.45","0.07","164.81","0.03","0.03","862.07","0.48","0.1","207.11","0.0","0.0","0.0","90.14","207.42","2300.98","64.14","45.43","708.27","0.0","0.0","0.0","1.29","0.13","96.67","1.77","0.93","522.6","15.13","7.03","464.67","0.65","0.5","768.16","0.82","0.2","250.61","0.01","0.0","142.86","0.0","0.0","0.0","0.8","0.4","504.39","0.0","0.0","0.0","0.24","0.1","411.76","0.0","0.0","0.0","0.0","0.0","0.0","0.83","5.87","7029.94","0.1","0.02","174.43","7.77","17.32","25.09","10.16","0.08","0.02"
"69","2017","5","Karnataka","Hassan","21.63","70.09","3241.2","0.0","0.0","0.0","1.03","1.7","1655.98","0.43","0.42","978.87","1.46","2.12","1457.73","0.0","0.0","0.0","82.85","527.89","6371.48","94.63","242.27","2560.25","0.0","0.0","0.0","1.18","0.89","758.71","1.62","1.27","784.83","37.99","12.34","324.72","0.72","0.51","709.14","1.18","0.17","140.32","0.08","0.01","173.33","0.0","0.0","0.0","0.56","0.52","929.73","0.0","0.0","0.0","0.46","0.32","695.84","0.0","0.0","0.0","0.0","0.0","0.0","2.17","27.69","12730.02","0.13","0.07","599.04","6.37","22.91","29.28","14.42","0.08","0.0"
"70","2000","5","Karnataka","Shimoge","156.4","371.0","2372.12","0.0","0.0","0.0","1.4","1.57","1121.43","0.13","0.18","1384.62","1.5","1.75","1166.67","0.0","0.0","0.0","18.7","62.0","3315.51","5.8","8.0","1379.31","0.0","0.0","0.0","0.2","0.0","0.0","0.4","0.0","0.0","7.1","2.0","281.69","4.1","5.0","1219.51","0.1","0.0","0.0","0.0","0.0","0.0","0.0","0.0","0.0","0.1","0.0","0.0","0.0","0.0","0.0","0.1","0.0","0.0","0.05","0.05","1000.0","4.7","5.0","1063.83","10.8","127.8","11833.33","9.1","2.21","242.86","8.21","0.7","8.92","0.0","0.01","0.01"
"70","2001","5","Karnataka","Shimoge","148.82","244.59","1643.53","0.0","0.0","0.0","1.12","2.17","1937.5","0.29","0.28","965.52","1.41","2.45","1737.59","0.0","0.0","0.0","17.82","50.37","2826.6","5.68","6.87","1209.51","0.0","0.0","0.0","0.04","0.03","750.0","0.72","0.22","305.56","4.95","1.6","323.23","2.54","2.25","885.83","0.12","0.05","416.67","0.03","0.01","333.33","0.0","0.0","0.0","0.11","0.08","727.27","0.01","0.0","0.0","0.12","0.09","750.0","0.0","0.0","0.0","3.15","2.53","803.17","9.68","102.1","10547.52","11.76","2.3","195.58","8.42","0.53","8.95","0.0","0.02","0.04"
"70","2002","5","Karnataka","Shimoge","139.03","214.48","1542.69","0.0","0.0","0.0","0.77","0.72","935.06","0.21","0.24","1142.86","0.98","0.95","969.39","0.03","0.01","333.33","26.68","96.6","3620.69","5.51","5.97","1083.48","0.0","0.0","0.0","0.09","0.05","555.56","0.58","0.27","465.52","5.33","1.21","227.02","2.91","2.94","1010.31","0.15","0.06","400.0","0.04","0.01","250.0","0.0","0.0","0.0","0.06","0.06","1000.0","0.01","0.0","0.0","0.35","0.2","571.43","0.0","0.0","0.0","3.69","3.31","897.02","9.96","130.59","13111.45","7.47","1.87","250.33","8.38","0.47","8.85","0.0","0.01","0.06"
"70","2003","5","Karnataka","Shimoge","120.25","241.96","2012.14","0.0","0.0","0.0","0.81","0.85","1049.38","0.24","0.2","833.33","1.04","1.05","1009.62","0.0","0.0","0.0","48.65","143.55","2950.67","5.35","7.1","1327.1","0.0","0.0","0.0","0.09","0.03","333.33","0.59","0.22","372.88","4.75","1.45","305.26","4.29","4.03","939.39","0.1","0.04","400.0","0.02","0.01","500.0","0.0","0.0","0.0","0.03","0.03","1000.0","0.01","0.0","0.0","0.93","0.52","559.14","0.0","0.0","0.0","5.5","4.66","847.27","8.33","102.91","12354.14","4.81","1.34","278.59","9.58","0.43","10.01","0.0","0.01","0.04"
"70","2004","5","Karnataka","Shimoge","128.12","313.54","2447.24","0.0","0.0","0.0","0.66","1.01","1530.3","0.03","0.02","666.67","0.68","1.03","1514.71","0.0","0.0","0.0","60.14","221.14","3677.09","2.79","4.96","1777.78","0.0","0.0","0.0","0.04","0.02","500.0","0.32","0.17","531.25","2.54","0.77","303.15","3.95","5.18","1311.39","0.13","0.07","538.46","0.03","0.01","333.33","0.0","0.0","0.0","0.01","0.01","1000.0","0.03","0.01","333.33","1.43","1.08","755.24","0.01","0.0","0.0","5.7","6.39","1121.05","5.3","56.93","10741.51","6.22","2.05","329.58","10.04","0.38","10.42","0.0","0.02","0.01"
"70","2005","5","Karnataka","Shimoge","133.59","333.12","2493.6","0.0","0.0","0.0","0.42","0.82","1952.38","0.05","0.06","1200.0","0.48","0.88","1833.33","0.0","0.0","0.0","60.27","161.38","2677.62","2.08","3.03","1456.73","0.0","0.0","0.0","0.12","0.07","583.33","0.34","0.23","676.47","2.98","0.77","258.39","3.54","3.35","946.33","0.14","0.12","857.14","0.01","0.0","0.0","0.0","0.0","0.0","0.06","0.06","1000.0","0.02","0.01","500.0","1.84","3.24","1760.87","0.0","0.0","0.0","5.7","6.8","1192.98","5.31","58.06","10934.09","6.66","2.0","300.3","10.03","0.52","10.55","0.0","0.02","0.05"
"70","2006","5","Karnataka","Shimoge","132.68","314.72","2372.02","0.0","0.0","0.0","0.42","0.69","1642.86","0.03","0.02","666.67","0.44","0.71","1613.64","0.0","0.0","0.0","58.55","183.07","3126.73","2.25","3.24","1440.0","0.0","0.0","0.0","0.04","0.02","500.0","0.45","0.2","444.44","2.3","0.77","334.78","2.08","2.23","1072.12","0.08","0.05","625.0","0.01","0.0","0.0","0.0","0.0","0.0","0.05","0.04","800.0","0.01","0.0","0.0","2.02","4.07","2014.85","0.0","0.0","0.0","4.35","6.42","1475.86","7.67","80.84","10539.76","9.5","3.2","336.84","10.44","0.32","10.75","0.0","0.02","0.04"
"70","2007","5","Karnataka","Shimoge","129.98","323.86","2491.61","0.0","0.0","0.0","0.4","0.8","2000.0","0.03","0.04","1333.33","0.42","0.84","2000.0","0.0","0.0","0.0","55.81","123.35","2210.18","2.1","2.82","1342.86","0.0","0.0","0.0","0.06","0.04","666.67","0.39","0.26","666.67","3.22","1.19","369.57","1.68","1.87","1113.1","0.02","0.01","500.0","0.0","0.0","0.0","0.0","0.0","0.0","0.01","0.0","0.0","0.01","0.0","0.0","2.69","6.16","2289.96","0.0","0.0","0.0","4.49","8.08","1799.55","12.24","79.04","6457.52","4.06","1.52","374.38","11.89","0.37","12.26","0.0","0.02","0.03"
"70","2008","5","Karnataka","Shimoge","131.07","320.8","2447.55","0.0","0.0","0.0","0.21","0.42","2000.0","0.1","0.19","1900.0","0.32","0.6","1875.0","0.0","0.0","0.0","56.52","212.48","3759.38","1.77","2.3","1299.44","0.0","0.0","0.0","0.04","0.03","750.0","0.53","0.28","528.3","2.38","1.0","420.17","1.55","1.89","1219.35","0.08","0.04","500.0","0.0","0.0","0.0","0.0","0.0","0.0","0.03","0.03","1000.0","0.0","0.0","0.0","1.97","3.37","1710.66","0.0","0.0","0.0","3.7","5.36","1448.65","6.66","26.18","3930.93","3.92","1.46","372.45","13.0","0.33","13.33","0.0","0.02","0.08"
"70","2009","5","Karnataka","Shimoge","133.26","319.81","2399.9","0.0","0.0","0.0","0.51","0.93","1823.53","0.05","0.07","1400.0","0.56","1.0","1785.71","0.0","0.0","0.0","69.48","199.93","2877.52","1.63","2.2","1349.69","0.0","0.0","0.0","0.07","0.04","571.43","0.36","0.17","472.22","2.78","0.93","334.53","0.94","0.9","957.45","0.06","0.02","333.33","0.0","0.0","0.0","0.0","0.0","0.0","0.02","0.01","500.0","0.02","0.01","500.0","1.17","2.28","1948.72","0.0","0.0","0.0","2.27","3.24","1427.31","7.81","45.47","5822.02","1.68","0.42","250.0","12.52","0.3","12.81","0.0","0.0","0.06"
"70","2010","5","Karnataka","Shimoge","132.39","366.59","2769.02","0.0","0.0","0.0","0.44","0.66","1500.0","0.03","0.07","2333.33","0.47","0.73","1553.19","0.0","0.0","0.0","63.73","273.0","4283.7","1.36","2.0","1470.59","0.0","0.0","0.0","0.08","0.05","625.0","0.28","0.17","607.14","2.75","1.04","378.18","0.96","1.23","1281.25","0.06","0.04","666.67","0.0","0.0","0.0","0.0","0.0","0.0","0.0","0.0","0.0","0.01","0.0","0.0","0.78","2.11","2705.13","0.05","0.04","800.0","1.9","3.12","1642.11","5.9","61.66","10450.85","1.48","0.55","371.62","12.61","0.35","12.96","0.0","0.0","0.07"
"70","2011","5","Karnataka","Shimoge","128.98","376.58","2919.68","0.0","0.0","0.0","0.2","0.4","2000.0","0.11","0.19","1727.27","0.3","0.58","1933.33","0.0","0.0","0.0","63.02","265.68","4215.8","1.06","1.72","1622.64","0.0","0.0","0.0","0.07","0.03","428.57","0.47","0.22","468.09","1.82","0.89","489.01","1.07","0.75","700.93","0.09","0.05","555.56","0.01","0.0","0.0","0.01","0.01","1000.0","0.0","0.0","0.0","0.03","0.01","333.33","1.0","2.4","2400.0","0.0","0.0","0.0","2.01","3.24","1611.94","8.39","88.51","10545.01","1.55","0.72","464.52","13.0","0.33","13.33","0.0","0.0","0.04"
"70","2012","5","Karnataka","Shimoge","123.31","328.9","2667.26","0.0","0.0","0.0","0.32","0.66","2062.5","0.07","0.09","1285.71","0.38","0.75","1973.68","0.0","0.0","0.0","69.53","287.24","4131.17","1.07","1.78","1663.55","0.0","0.0","0.0","0.06","0.04","666.67","0.67","0.47","701.49","1.0","0.41","410.0","0.68","0.49","720.59","0.01","0.0","0.0","0.0","0.0","0.0","0.02","0.01","500.0","0.1","0.06","600.0","0.0","0.0","0.0","1.39","2.53","1820.14","0.0","0.0","0.0","2.18","3.01","1380.73","3.94","44.95","11408.63","0.99","0.41","414.14","13.17","0.31","13.48","0.0","0.0","0.06"
"70","2013","5","Karnataka","Shimoge","124.62","380.81","3055.77","0.0","0.0","0.0","0.34","0.63","1852.94","0.04","0.05","1250.0","0.38","0.68","1789.47","0.0","0.01","0.0","65.44","191.34","2923.9","0.68","1.14","1676.47","0.0","0.0","0.0","0.05","0.04","800.0","0.25","0.23","920.0","1.41","0.37","262.41","0.48","0.41","854.17","0.01","0.01","1000.0","0.0","0.0","0.0","0.01","0.01","1000.0","0.01","0.0","0.0","0.0","0.0","0.0","0.92","1.99","2163.04","0.0","0.0","0.0","1.71","2.41","1409.36","4.92","47.16","9585.37","0.74","0.34","459.46","11.7","0.31","12.01","0.0","0.0","0.02"
"70","2014","5","Karnataka","Shimoge","121.87","370.01","3036.1","0.0","0.0","0.0","0.31","0.66","2129.03","0.08","0.12","1500.0","0.39","0.78","2000.0","0.0","0.0","0.0","58.98","211.2","3580.87","0.56","1.04","1857.14","0.0","0.0","0.0","0.01","0.01","1000.0","0.25","0.16","640.0","1.42","0.5","352.11","0.27","0.2","740.74","0.0","0.0","0.0","0.0","0.0","0.0","0.01","0.01","1000.0","0.0","0.0","0.0","0.0","0.0","0.0","0.57","1.18","2070.18","0.0","0.0","0.0","1.43","2.15","1503.5","3.94","39.3","9974.62","0.85","0.38","447.06","11.47","0.21","11.69","0.0","0.0","0.03"
"70","2015","5","Karnataka","Shimoge","110.03","286.76","2606.2","0.0","0.0","0.0","0.32","0.97","3031.25","0.1","0.07","700.0","0.42","1.04","2476.19","0.0","0.0","0.0","51.3","203.0","3957.12","1.31","2.22","1694.66","0.0","0.0","0.0","0.01","0.0","0.0","0.3","0.11","366.67","2.69","0.94","349.94","0.44","0.31","704.55","0.0","0.0","0.0","0.0","0.0","0.0","0.0","0.0","0.0","0.0","0.0","0.0","0.0","0.0","0.0","0.65","1.16","1784.62","0.0","0.0","0.0","1.3","0.0","0.0","3.98","35.93","9024.99","0.54","0.47","870.37","11.23","0.28","11.51","0.0","0.0","0.01"
"70","2016","5","Karnataka","Shimoge","104.44","218.6","2092.95","0.0","0.0","0.0","0.06","0.14","2438.6","0.05","0.04","916.67","0.1","0.18","1742.86","0.0","0.0","0.0","52.78","177.81","3368.74","0.95","1.26","1324.95","0.0","0.0","0.0","0.01","0.0","666.67","0.45","0.45","997.79","0.81","0.18","217.28","0.16","0.09","567.9","0.0","0.0","1000.0","0.0","0.0","0.0","0.0","0.0","0.0","0.01","0.0","500.0","0.0","0.0","0.0","0.25","0.35","1395.26","0.0","0.0","1000.0","0.0","0.0","0.0","2.45","21.15","8644.99","0.5","0.19","377.18","11.04","0.28","11.32","0.0","0.0","0.01"
"70","2017","5","Karnataka","Shimoge","93.52","235.1","2513.97","0.0","0.0","0.0","0.1","0.32","3316.33","0.05","0.05","1177.78","0.14","0.38","2643.36","0.01","0.01","1571.43","71.21","359.3","5045.43","1.05","1.93","1839.35","0.0","0.0","0.0","0.04","0.03","777.78","0.49","0.47","949.08","0.74","0.24","325.17","0.26","0.3","1128.79","0.0","0.0","800.0","0.0","0.0","0.0","0.0","0.0","0.0","0.0","0.0","500.0","0.0","0.0","0.0","0.22","0.48","2251.16","0.0","0.0","1500.0","0.0","0.0","0.0","1.27","11.2","8835.02","1.25","0.79","629.64","11.09","0.3","11.4","0.0","0.0","0.05"
"71","2000","5","Karnataka","Chickmagalur","49.2","121.0","2459.35","0.0","0.0","0.0","3.68","3.96","1076.09","3.79","3.49","920.84","7.5","7.45","993.33","0.0","0.0","0.0","0.4","1.0","2500.0","65.1","117.0","1797.24","0.0","0.0","0.0","2.7","1.0","370.37","0.3","0.0","0.0","21.9","8.0","365.3","3.7","5.0","1351.35","4.4","3.0","681.82","0.4","0.0","0.0","0.3","0.0","0.0","0.7","1.0","1428.57","0.0","0.0","0.0","6.9","5.0","724.64","0.13","0.13","1000.0","17.3","14.0","809.25","2.0","15.9","7950.0","2.0","0.51","255.0","4.14","4.84","8.97","0.85","2.89","0.0"
"71","2001","5","Karnataka","Chickmagalur","47.55","111.88","2352.89","0.02","0.02","1000.0","5.21","3.58","687.14","5.08","4.4","866.14","10.29","7.97","774.54","0.0","0.0","0.0","0.51","1.2","2352.94","61.45","87.45","1423.11","0.0","0.0","0.0","2.59","0.85","328.19","0.49","0.15","306.12","21.93","6.49","295.94","5.35","4.75","887.85","3.78","1.4","370.37","0.28","0.08","285.71","0.08","0.06","750.0","0.74","0.5","675.68","0.0","0.0","0.0","3.55","1.75","492.96","0.0","0.0","0.0","14.7","8.76","595.92","1.87","15.08","8064.17","1.54","0.22","142.86","4.63","8.27","12.9","2.55","3.13","0.0"
"71","2002","5","Karnataka","Chickmagalur","43.98","87.43","1987.95","0.01","0.0","0.0","5.91","3.96","670.05","4.63","3.02","652.27","10.54","6.98","662.24","0.0","0.0","0.0","0.81","1.4","1728.4","57.76","64.31","1113.4","0.0","0.0","0.0","2.04","0.89","436.27","0.92","0.43","467.39","20.35","6.63","325.8","4.65","3.5","752.69","4.75","1.34","282.11","0.19","0.05","263.16","0.03","0.02","666.67","0.69","0.64","927.54","0.0","0.0","0.0","8.51","2.1","246.77","0.0","0.0","0.0","19.56","7.83","400.31","1.79","17.52","9787.71","1.71","0.33","192.98","4.66","6.74","11.4","1.27","3.1","0.0"
"71","2003","5","Karnataka","Chickmagalur","41.49","79.95","1926.97","0.0","0.0","0.0","4.11","1.68","408.76","10.75","4.31","400.93","14.86","5.98","402.42","0.0","0.0","0.0","0.64","0.95","1484.38","59.89","45.38","757.72","0.0","0.0","0.0","2.07","0.75","362.32","0.49","0.18","367.35","16.52","4.8","290.56","3.19","2.18","683.39","1.08","0.45","416.67","0.2","0.06","300.0","0.0","0.0","0.0","0.74","0.67","905.41","0.0","0.0","0.0","9.34","1.89","202.36","0.0","0.0","0.0","15.19","5.41","356.16","1.27","10.89","8574.8","0.39","0.07","179.49","4.75","8.91","13.66","3.45","3.38","0.0"
"71","2004","5","Karnataka","Chickmagalur","45.66","122.08","2673.68","0.01","0.01","1000.0","4.93","4.83","979.72","7.73","4.85","627.43","12.66","9.69","765.4","0.0","0.0","0.0","2.01","3.94","1960.2","57.89","102.35","1768.01","0.0","0.0","0.0","3.04","1.32","434.21","0.89","0.46","516.85","19.71","7.36","373.41","4.57","3.2","700.22","5.95","3.67","616.81","0.23","0.06","260.87","0.01","0.01","1000.0","0.54","0.47","870.37","0.0","0.0","0.0","14.91","8.83","592.22","0.0","0.0","0.0","27.32","16.52","604.69","2.09","18.24","8727.27","2.04","0.43","210.78","4.79","12.32","17.11","4.05","5.61","0.02"
"71","2005","5","Karnataka","Chickmagalur","44.83","107.86","2405.98","0.01","0.01","1000.0","3.76","4.36","1159.57","8.1","6.43","793.83","11.86","10.79","909.78","0.0","0.0","0.0","2.08","8.09","3889.42","60.72","105.51","1737.65","0.0","0.0","0.0","4.0","1.24","310.0","0.65","0.44","676.92","17.4","7.09","407.47","5.56","4.41","793.17","7.81","9.97","1276.57","0.19","0.05","263.16","0.04","0.03","750.0","0.85","0.89","1047.06","0.0","0.0","0.0","12.57","9.47","753.38","0.0","0.0","0.0","27.55","24.96","905.99","1.5","13.29","8860.0","2.16","0.31","143.52","4.93","15.32","20.25","4.41","6.67","0.0"
"71","2006","5","Karnataka","Chickmagalur","45.68","112.24","2457.09","0.01","0.01","1000.0","3.05","2.05","672.13","6.76","4.83","714.5","9.81","6.89","702.34","0.0","0.0","0.0","2.33","8.77","3763.95","52.46","64.6","1231.41","0.0","0.0","0.0","5.67","0.93","164.02","0.71","0.31","436.62","18.87","9.19","487.02","4.94","2.39","483.81","4.45","4.09","919.1","0.11","0.03","272.73","0.11","0.08","727.27","0.7","0.56","800.0","0.0","0.0","0.0","16.56","6.68","403.38","0.0","0.0","0.0","27.87","14.09","505.56","2.63","20.75","7889.73","2.02","0.38","188.12","5.06","11.6","16.66","4.48","4.04","0.0"
"71","2007","5","Karnataka","Chickmagalur","42.01","110.99","2641.99","0.01","0.02","2000.0","3.29","4.08","1240.12","5.93","7.06","1190.56","9.22","11.14","1208.24","0.0","0.0","0.0","4.21","12.3","2921.62","52.46","77.98","1486.47","0.0","0.0","0.0","6.7","2.75","410.45","0.81","0.54","666.67","17.22","10.04","583.04","4.61","3.28","711.5","6.0","4.5","750.0","0.14","0.05","357.14","0.05","0.04","800.0","0.98","0.66","673.47","0.0","0.0","0.0","16.6","11.53","694.58","0.0","0.0","0.0","29.62","20.54","693.45","1.52","6.44","4236.84","1.87","0.57","304.81","5.26","10.52","15.78","4.31","3.76","0.0"
"71","2008","5","Karnataka","Chickmagalur","43.79","108.26","2472.25","11.29","23.77","2105.4","2.82","2.38","843.97","6.66","4.98","747.75","9.48","7.36","776.37","0.0","0.0","0.0","4.64","11.38","2452.59","59.31","97.41","1642.39","0.0","0.0","0.0","7.66","3.62","472.58","0.6","0.31","516.67","17.11","10.13","592.05","3.77","3.5","928.38","5.53","4.11","743.22","0.15","0.06","400.0","0.05","0.04","800.0","0.57","0.54","947.37","0.0","0.0","0.0","13.95","5.96","427.24","0.0","0.0","0.0","25.48","14.68","576.14","1.31","3.92","2992.37","1.2","0.23","191.67","5.65","10.39","16.04","4.44","3.59","0.0"
"71","2009","5","Karnataka","Chickmagalur","43.64","108.17","2478.69","0.01","0.01","1000.0","2.62","2.41","919.85","6.94","4.92","708.93","9.56","7.33","766.74","0.0","0.0","0.0","10.7","29.45","2752.34","52.36","89.38","1707.03","0.0","0.0","0.0","7.84","3.96","505.1","0.72","0.33","458.33","15.88","9.64","607.05","4.8","4.84","1008.33","6.62","4.51","681.27","0.15","0.04","266.67","0.03","0.02","666.67","0.67","0.43","641.79","0.0","0.0","0.0","13.68","6.24","456.14","0.0","0.0","0.0","27.01","16.42","607.92","1.44","4.89","3395.83","1.03","0.24","233.01","5.74","9.58","15.32","4.58","2.79","0.0"
"71","2010","5","Karnataka","Chickmagalur","44.06","115.48","2620.97","0.0","0.0","0.0","2.35","2.51","1068.09","5.92","5.27","890.2","8.27","7.78","940.75","0.0","0.0","0.0","15.59","51.27","3288.65","52.56","92.62","1762.18","0.0","0.0","0.0","7.78","5.79","744.22","0.74","0.44","594.59","17.04","10.93","641.43","3.63","3.87","1066.12","8.03","7.41","922.79","0.13","0.05","384.62","0.03","0.03","1000.0","0.59","0.49","830.51","0.0","0.0","0.0","4.85","2.97","612.37","0.0","0.0","0.0","18.34","14.42","786.26","0.82","6.44","7853.66","0.88","0.33","375.0","5.72","9.86","15.58","5.02","2.51","0.0"
"71","2011","5","Karnataka","Chickmagalur","45.38","116.76","2572.94","0.0","0.0","0.0","1.0","0.64","640.0","5.79","4.8","829.02","6.79","5.44","801.18","0.0","0.0","0.0","25.06","63.0","2513.97","39.22","49.21","1254.72","0.0","0.0","0.0","6.94","4.15","597.98","0.6","0.28","466.67","15.79","6.75","427.49","5.56","4.1","737.41","4.51","2.44","541.02","0.11","0.03","272.73","0.04","0.03","750.0","0.63","0.56","888.89","0.0","0.0","0.0","3.92","1.42","362.24","0.0","0.0","0.0","15.4","9.24","600.0","1.79","13.76","7694.97","1.03","0.2","194.17","5.93","10.41","16.34","5.29","2.54","0.0"
"71","2012","5","Karnataka","Chickmagalur","37.99","87.47","2302.45","0.0","0.0","0.0","1.94","1.08","556.7","6.98","3.91","560.17","8.92","4.99","559.42","0.01","0.01","1000.0","17.39","36.13","2077.63","38.66","37.72","975.69","0.0","0.0","0.0","8.31","5.19","624.55","0.5","0.35","700.0","15.34","7.15","466.1","4.61","2.62","568.33","5.6","1.99","355.36","0.02","0.01","500.0","0.0","0.0","0.0","0.25","0.15","600.0","0.0","0.0","0.0","3.75","1.1","293.33","0.01","0.01","1000.0","14.44","5.96","412.74","1.53","8.59","5614.38","1.16","0.17","146.55","6.7","14.59","21.29","4.59","5.33","0.0"
"71","2013","5","Karnataka","Chickmagalur","41.05","112.1","2730.82","0.0","0.0","0.0","1.41","1.15","815.6","6.73","4.9","728.08","8.13","6.05","744.16","0.0","0.0","0.0","28.08","72.76","2591.17","38.55","41.82","1084.82","0.0","0.0","0.0","8.28","6.46","780.19","0.47","0.43","914.89","16.8","8.45","502.98","6.26","4.76","760.38","4.98","3.12","626.51","0.01","0.0","0.0","0.0","0.0","0.0","0.19","0.17","894.74","0.0","0.0","0.0","4.07","1.75","429.98","0.0","0.0","0.0","15.7","10.13","645.22","1.55","8.81","5683.87","1.3","0.25","192.31","6.91","14.49","21.4","4.44","5.36","0.0"
"71","2014","5","Karnataka","Chickmagalur","40.34","105.3","2610.31","0.0","0.0","0.0","2.06","1.79","868.93","8.6","7.29","847.67","10.66","9.08","851.78","0.0","0.0","0.0","23.59","60.8","2577.36","44.12","52.44","1188.58","0.0","0.0","0.0","9.3","8.54","918.28","0.55","0.36","654.55","18.64","8.49","455.47","4.85","3.91","806.19","6.0","2.97","495.0","0.02","0.0","0.0","0.0","0.0","0.0","0.24","0.15","625.0","0.0","0.0","0.0","3.25","1.47","452.31","0.0","0.0","0.0","14.77","8.61","582.94","1.39","13.22","9510.79","1.84","0.54","293.48","7.12","17.6","24.72","5.16","7.36","0.03"
"71","2015","5","Karnataka","Chickmagalur","33.04","88.32","2673.12","0.0","0.0","0.0","1.33","0.93","699.25","8.43","8.07","957.3","9.76","9.0","922.13","0.0","0.0","0.0","25.83","61.67","2387.53","43.66","60.85","1393.72","0.0","0.0","0.0","13.25","15.99","1206.79","0.75","0.28","373.33","20.61","11.46","556.18","5.85","3.84","656.41","5.86","5.2","887.37","0.02","0.0","0.0","0.0","0.0","0.0","0.42","0.22","523.81","0.02","0.0","0.0","5.09","1.57","308.45","0.0","0.0","0.0","17.55","0.0","0.0","1.11","6.98","6269.99","1.36","0.34","250.0","7.44","17.91","25.34","5.72","6.41","0.03"
"71","2016","5","Karnataka","Chickmagalur","29.93","71.84","2400.32","0.0","0.0","0.0","0.75","0.15","198.66","3.8","2.22","584.32","4.55","2.37","521.12","0.0","0.0","0.0","28.47","100.25","3521.66","41.2","24.54","595.66","0.0","0.0","0.0","3.97","1.0","252.77","0.78","0.78","998.72","13.04","3.83","293.73","4.77","3.27","686.37","3.88","3.42","883.41","0.04","0.01","179.49","0.0","0.0","0.0","0.29","0.14","494.81","0.0","0.0","0.0","3.8","3.2","842.73","0.0","0.0","0.0","0.0","0.0","0.0","1.04","7.21","6935.0","1.57","0.18","115.68","7.49","15.58","23.07","5.21","6.42","0.0"
"71","2017","5","Karnataka","Chickmagalur","26.9","64.63","2402.86","0.0","0.0","0.0","0.48","0.4","832.29","12.74","11.23","881.62","13.22","11.63","879.84","0.0","0.0","0.0","15.29","45.21","2957.35","52.12","71.44","1370.85","0.0","0.0","0.0","11.27","8.16","723.88","0.51","0.48","948.92","15.65","9.88","630.92","4.22","4.31","1021.83","3.09","2.12","684.87","0.02","0.0","150.0","0.0","0.0","0.0","0.09","0.06","647.73","0.0","0.0","0.0","0.65","0.42","638.04","0.0","0.0","0.0","0.0","0.0","0.0","0.94","6.94","7410.03","1.88","0.7","372.14","7.29","15.31","22.6","5.31","5.34","0.0"
"72","2000","5","Karnataka","Chitradurga","131.9","456.0","3457.16","1.9","2.0","1052.63","51.5","97.85","1900.0","18.0","14.0","777.78","69.5","111.86","1609.5","5.8","5.0","862.07","174.9","583.0","3333.33","106.1","203.0","1913.29","0.0","0.0","0.0","5.3","3.0","566.04","15.9","11.0","691.82","38.5","19.0","493.51","181.7","211.0","1161.25","6.2","3.0","483.87","0.4","0.0","0.0","1.4","2.0","1428.57","4.3","7.0","1627.91","0.0","0.0","0.0","41.9","24.0","572.79","0.0","0.0","0.0","237.3","247.0","1040.88","19.0","233.5","12289.47","22.6","6.12","270.8","5.1","28.47","33.58","0.0","23.6","0.04"
"72","2001","5","Karnataka","Chitradurga","119.29","377.6","3165.4","2.42","2.58","1066.12","39.04","60.47","1548.92","23.33","14.5","621.52","62.36","74.97","1202.21","3.9","1.8","461.54","58.56","148.11","2529.2","104.41","152.44","1460.01","0.0","0.0","0.0","10.09","4.29","425.17","15.12","11.22","742.06","24.18","12.14","502.07","176.4","128.59","728.97","4.17","2.59","621.1","0.43","0.09","209.3","1.42","0.59","415.49","2.19","1.49","680.37","0.0","0.0","0.0","32.03","17.87","557.91","0.0","0.0","0.0","217.97","151.61","695.55","24.53","236.18","9628.21","27.92","4.33","155.09","6.26","25.14","31.4","0.01","20.73","0.03"
"72","2002","5","Karnataka","Chitradurga","84.7","239.9","2832.35","1.75","1.41","805.71","38.79","56.06","1445.22","35.37","22.76","643.48","74.15","78.82","1062.98","3.97","2.39","602.02","178.14","276.73","1553.44","92.62","88.97","960.59","0.0","0.0","0.0","8.48","3.3","389.15","13.8","8.95","648.55","43.31","15.75","363.66","169.58","126.52","746.08","5.18","2.61","503.86","0.24","0.05","208.33","2.95","1.92","650.85","1.72","2.55","1482.56","0.0","0.0","0.0","61.22","27.64","451.49","0.0","0.0","0.0","242.06","161.64","667.77","21.38","226.06","10573.43","12.21","2.44","199.84","9.09","19.7","28.79","0.0","15.55","0.09"
"72","2003","5","Karnataka","Chitradurga","63.92","206.75","3234.51","1.59","1.09","685.53","28.26","30.54","1080.68","57.44","35.71","621.69","85.7","66.25","773.05","4.06","1.76","433.5","137.26","188.04","1369.95","123.34","105.01","851.39","0.0","0.0","0.0","6.15","2.64","429.27","12.12","4.31","355.61","37.57","14.83","394.73","168.95","69.06","408.76","1.53","0.24","156.86","0.31","0.07","225.81","5.73","2.09","364.75","1.32","1.27","962.12","0.0","0.0","0.0","70.99","28.02","394.7","0.0","0.0","0.0","249.81","100.78","403.43","8.48","71.91","8479.95","7.68","1.23","160.16","8.22","18.64","26.86","0.0","14.72","0.18"
"72","2004","5","Karnataka","Chitradurga","111.25","416.39","3742.83","0.98","1.31","1336.73","51.36","83.33","1622.47","21.49","14.14","657.98","72.84","89.18","1224.33","7.78","4.34","557.84","223.34","660.87","2959.03","67.62","101.44","1500.15","0.0","0.0","0.0","8.41","2.34","278.24","13.59","12.49","919.06","38.19","15.94","417.39","180.31","168.16","932.62","7.8","6.83","875.64","0.41","0.09","219.51","4.3","1.42","330.23","1.56","2.63","1685.9","0.0","0.0","0.0","57.97","32.8","565.81","0.0","0.0","0.0","253.23","212.18","837.89","1.18","13.2","11186.44","22.29","6.22","279.05","8.04","21.8","29.84","0.0","18.59","0.14"
"72","2005","5","Karnataka","Chitradurga","141.22","483.86","3426.29","1.26","1.64","1301.59","47.78","99.59","2084.34","22.15","15.77","711.96","69.93","115.36","1649.65","5.49","4.49","817.85","205.0","548.02","2673.27","82.74","107.14","1294.9","0.0","0.0","0.0","11.27","3.94","349.6","13.2","8.48","642.42","38.3","20.3","530.03","188.45","118.8","630.41","10.97","10.85","989.06","0.76","0.16","210.53","3.09","0.58","187.7","2.4","2.49","1037.5","0.01","0.0","0.0","78.81","44.14","560.08","0.0","0.0","0.0","285.78","177.4","620.76","5.89","65.47","11115.45","21.74","5.96","274.15","8.45","27.15","35.61","0.0","22.64","0.11"
"72","2006","5","Karnataka","Chitradurga","133.17","448.38","3366.97","1.4","1.43","1021.43","38.87","50.01","1286.6","35.35","14.56","411.88","74.22","64.56","869.85","1.58","0.93","588.61","241.66","525.85","2175.99","63.91","63.96","1000.78","0.0","0.0","0.0","19.15","3.62","189.03","12.47","8.26","662.39","28.47","18.31","643.13","113.5","41.82","368.46","6.2","5.64","909.68","0.35","0.08","228.57","2.97","2.54","855.22","2.33","1.86","798.28","0.0","0.0","0.0","81.76","39.86","487.52","0.0","0.0","0.0","208.3","92.15","442.39","3.71","45.63","12299.19","13.52","3.78","279.59","9.36","24.93","34.29","0.01","20.88","0.18"
"72","2007","5","Karnataka","Chitradurga","84.8","287.75","3393.28","0.7","0.83","1185.71","43.87","87.24","1988.6","12.7","13.87","1092.13","56.57","101.1","1787.17","3.01","2.93","973.42","237.3","722.08","3042.9","82.68","114.95","1390.3","0.0","0.0","0.0","16.05","6.14","382.55","11.96","12.04","1006.69","24.46","18.65","762.47","166.53","132.28","794.33","7.28","6.27","861.26","0.16","0.04","250.0","2.1","1.16","552.38","2.89","2.09","723.18","0.0","0.0","0.0","71.77","39.21","546.33","0.0","0.0","0.0","251.97","181.44","720.09","11.29","81.51","7219.66","16.82","7.26","431.63","10.21","25.69","35.91","0.03","21.4","0.03"
"72","2008","5","Karnataka","Chitradurga","138.88","465.22","3349.8","4.36","2.1","481.65","33.24","51.89","1561.07","16.21","16.59","1023.44","49.45","68.48","1384.83","2.51","1.18","470.12","240.11","520.9","2169.42","86.11","84.49","981.19","0.0","0.0","0.0","13.14","4.72","359.21","13.96","7.61","545.13","19.57","12.73","650.49","166.93","46.7","279.76","4.96","3.23","651.21","0.09","0.03","333.33","4.68","2.6","555.56","1.16","0.94","810.34","0.0","0.0","0.0","58.87","28.37","481.91","0.0","0.0","0.0","237.63","82.17","345.79","5.85","28.5","4871.79","12.42","4.4","354.27","11.74","26.66","38.4","0.07","22.06","0.04"
"72","2009","5","Karnataka","Chitradurga","148.53","491.44","3308.69","1.38","1.64","1188.41","31.66","55.71","1759.63","19.7","15.51","787.31","51.35","71.2","1386.56","2.25","1.34","595.56","258.61","660.17","2552.76","66.78","93.78","1404.31","0.0","0.0","0.0","23.93","9.84","411.2","12.4","8.71","702.42","21.03","11.22","533.52","143.78","86.31","600.29","4.83","4.61","954.45","0.1","0.03","300.0","3.52","1.07","303.98","1.69","1.65","976.33","0.0","0.0","0.0","41.99","21.39","509.41","0.0","0.0","0.0","196.5","115.26","586.56","8.56","45.31","5293.22","27.35","7.31","267.28","14.12","33.94","48.05","0.02","28.59","0.05"
"72","2010","5","Karnataka","Chitradurga","156.47","532.01","3400.08","2.3","3.41","1482.61","25.24","57.23","2267.43","15.22","17.69","1162.29","40.46","74.91","1851.46","2.92","3.1","1061.64","283.54","1027.52","3623.9","71.64","125.32","1749.3","0.0","0.0","0.0","22.9","14.28","623.58","21.51","19.55","908.88","24.28","15.83","651.98","174.14","158.88","912.37","5.22","4.09","783.52","0.15","0.04","266.67","0.59","0.36","610.17","2.21","2.14","968.33","0.0","0.0","0.0","18.38","13.96","759.52","0.0","0.0","0.0","201.21","123.4","613.29","3.7","49.28","13318.92","40.0","12.18","304.5","13.84","28.54","42.38","0.09","23.16","0.02"
"72","2011","5","Karnataka","Chitradurga","151.32","516.96","3416.34","1.53","1.69","1104.58","14.68","29.71","2023.84","26.89","23.06","857.57","41.57","52.77","1269.43","2.5","1.53","612.0","280.88","808.66","2879.02","55.54","70.32","1266.11","0.0","0.0","0.0","31.24","10.29","329.39","16.92","12.47","737.0","21.04","10.72","509.51","112.74","71.8","636.86","2.49","1.95","783.13","0.06","0.02","333.33","0.62","0.2","322.58","1.08","0.82","759.26","0.0","0.0","0.0","16.88","10.09","597.75","0.0","0.0","0.0","133.49","75.81","567.91","10.58","140.66","13292.1","43.76","16.93","386.88","15.87","25.18","41.05","0.1","20.62","0.0"
"72","2012","5","Karnataka","Chitradurga","120.43","395.38","3283.07","0.52","0.68","1307.69","13.32","20.51","1539.79","22.14","20.74","936.77","35.45","41.25","1163.61","2.21","1.34","606.33","286.04","741.91","2593.73","59.66","67.45","1130.57","0.0","0.0","0.0","24.53","11.55","470.85","14.28","8.69","608.54","23.68","14.93","630.49","97.5","68.34","700.92","2.13","0.64","300.47","0.09","0.02","222.22","0.2","0.08","400.0","0.98","0.7","714.29","0.0","0.0","0.0","61.25","33.59","548.41","0.0","0.0","0.0","162.62","84.58","520.11","4.4","48.38","10995.45","34.85","9.96","285.8","17.89","20.23","38.12","0.01","15.3","0.08"
"72","2013","5","Karnataka","Chitradurga","129.79","456.33","3515.91","0.32","0.39","1218.75","12.48","24.57","1968.75","11.67","8.84","757.5","24.14","33.42","1384.42","2.7","1.77","655.56","287.5","894.67","3111.9","57.84","76.0","1313.97","0.0","0.0","0.0","24.84","12.04","484.7","17.11","13.4","783.17","18.72","12.27","655.45","128.07","97.3","759.74","1.24","0.61","491.94","0.06","0.01","166.67","0.83","0.41","493.98","1.05","0.85","809.52","0.0","0.0","0.0","20.65","11.44","554.0","0.0","0.0","0.0","152.43","100.36","658.4","6.9","79.32","11495.65","41.55","11.37","273.65","21.04","28.33","49.36","0.08","23.22","0.02"
"72","2014","5","Karnataka","Chitradurga","138.71","504.16","3634.63","0.64","1.11","1734.37","9.74","21.2","2176.59","15.69","15.58","992.99","25.43","36.77","1445.93","2.32","1.67","719.83","273.46","845.31","3091.17","69.19","109.89","1588.24","0.0","0.0","0.0","34.8","23.29","669.25","13.13","13.43","1022.85","19.93","10.77","540.39","138.15","98.53","713.21","3.36","2.25","669.64","0.06","0.01","166.67","1.89","0.88","465.61","0.85","0.71","835.29","0.0","0.0","0.0","19.75","12.48","631.9","0.0","0.0","0.0","164.58","99.59","605.12","9.52","122.13","12828.78","49.25","14.13","286.9","22.55","38.33","60.88","0.02","32.65","0.0"
"72","2015","5","Karnataka","Chitradurga","99.56","371.56","3732.02","0.52","0.63","1211.54","12.62","21.7","1719.49","10.98","10.14","923.5","23.6","31.83","1348.73","2.52","1.78","706.35","265.59","799.82","3011.48","63.67","99.12","1556.78","0.0","0.0","0.0","41.61","26.19","629.42","17.96","14.94","831.85","15.87","11.71","737.9","111.99","80.38","717.74","2.15","1.14","530.23","0.03","0.01","333.33","2.07","1.05","507.25","0.81","0.5","617.28","0.0","0.0","0.0","23.95","13.01","543.22","0.0","0.0","1000.0","141.27","0.0","0.0","4.45","57.01","12822.88","32.45","10.77","331.9","22.23","42.35","64.57","0.09","35.61","0.02"
"72","2016","5","Karnataka","Chitradurga","78.72","252.25","3204.37","0.24","0.28","1139.92","7.51","10.95","1457.33","3.7","4.16","1123.51","11.21","15.1","1347.16","2.37","0.88","370.93","292.83","491.58","1678.73","65.02","50.08","770.25","0.0","0.0","0.0","6.02","0.68","113.21","36.37","14.3","393.04","9.35","4.21","449.9","143.25","38.84","271.14","0.16","0.07","452.83","0.03","0.0","200.0","0.01","0.0","0.0","0.86","1.27","1473.93","0.0","0.0","0.0","7.42","2.4","322.91","0.06","0.05","754.1","0.0","0.0","0.0","3.85","41.3","10729.07","17.94","3.36","187.14","23.26","52.21","75.47","0.04","44.56","0.02"
"72","2017","5","Karnataka","Chitradurga","65.99","248.3","3762.79","0.47","0.57","1229.12","9.82","15.64","1591.67","14.19","12.37","871.93","24.01","28.01","1166.38","5.26","6.16","1172.56","270.3","1150.42","4256.05","73.39","137.29","1870.62","0.0","0.0","0.0","38.17","27.13","710.75","21.48","18.54","863.04","16.2","8.2","506.11","108.39","119.94","1106.5","0.19","0.09","443.3","0.06","0.01","161.29","0.72","0.4","547.72","0.29","0.21","742.16","0.0","0.0","0.0","4.08","3.4","833.78","0.06","0.09","1526.32","0.0","0.0","0.0","3.8","41.12","10829.23","15.08","4.76","315.67","22.99","47.2","70.2","0.02","35.43","0.53"
"73","2000","5","Karnataka","Bellary","84.1","274.0","3258.03","2.7","3.0","1111.11","50.21","93.69","1865.96","59.49","51.28","861.99","109.7","144.97","1321.51","26.8","22.0","820.9","53.3","164.0","3076.92","5.4","6.0","1111.11","0.0","0.0","0.0","9.0","9.0","1000.0","9.6","4.0","416.67","19.4","7.0","360.82","72.3","68.0","940.53","6.5","3.0","461.54","0.2","0.0","0.0","6.1","3.0","491.8","0.8","1.0","1250.0","0.0","0.0","0.0","42.3","20.0","472.81","0.0","0.0","0.0","129.9","96.0","739.03","7.2","78.3","10875.0","52.0","11.73","225.58","3.12","6.59","9.71","0.0","4.12","0.02"
"73","2001","5","Karnataka","Bellary","83.81","254.12","3032.1","2.2","2.27","1031.82","41.23","60.62","1470.29","49.4","59.89","1212.35","90.62","120.51","1329.84","17.39","13.5","776.31","44.85","144.39","3219.4","5.85","8.1","1384.62","0.0","0.0","0.0","22.32","17.48","783.15","5.94","2.45","412.46","15.32","5.41","353.13","66.92","57.96","866.11","4.07","1.14","280.1","0.19","0.01","52.63","5.27","2.08","394.69","0.62","0.46","741.94","0.02","0.01","500.0","49.87","21.74","435.93","0.0","0.0","0.0","128.26","83.74","652.89","7.67","75.01","9779.66","51.51","11.8","229.08","3.9","5.97","9.87","0.0","3.98","0.0"
"73","2002","5","Karnataka","Bellary","71.3","233.18","3270.41","1.08","0.84","777.78","41.53","41.43","997.59","25.65","14.82","577.78","67.19","56.25","837.18","14.21","7.03","494.72","59.88","136.53","2280.06","6.35","2.81","442.52","0.0","0.0","0.0","20.81","12.78","614.13","7.91","2.7","341.34","13.89","2.69","193.66","58.93","37.18","630.92","5.75","2.72","473.04","0.03","0.0","0.0","2.26","0.59","261.06","0.33","0.3","909.09","0.01","0.0","0.0","61.85","21.39","345.84","0.0","0.0","0.0","129.91","62.39","480.26","5.33","38.46","7215.76","35.19","6.62","188.12","6.13","6.45","12.58","0.0","3.57","0.01"
"73","2003","5","Karnataka","Bellary","55.97","217.89","3892.98","0.99","0.71","717.17","20.43","28.9","1414.59","40.15","44.36","1104.86","60.58","73.26","1209.31","26.34","17.84","677.3","61.05","166.43","2726.13","10.12","8.12","802.37","0.0","0.0","0.0","19.01","9.11","479.22","5.53","1.77","320.07","12.36","2.31","186.89","57.39","38.86","677.12","2.68","0.31","115.67","0.01","0.0","0.0","4.85","1.21","249.48","0.17","0.15","882.35","0.01","0.0","0.0","92.72","30.18","325.5","0.0","0.0","0.0","158.61","70.91","447.07","1.83","12.18","6655.74","26.09","3.71","142.2","6.62","5.79","12.41","0.0","3.75","0.0"
"73","2004","5","Karnataka","Bellary","66.81","247.53","3704.98","0.85","0.77","905.88","55.9","98.27","1757.96","33.07","22.03","666.16","88.97","120.3","1352.14","18.57","13.39","721.06","53.78","161.15","2996.47","5.79","4.82","832.47","0.0","0.0","0.0","10.51","4.45","423.41","8.89","4.98","560.18","14.03","5.38","383.46","72.96","31.3","429.0","6.5","2.18","335.38","0.02","0.0","0.0","5.98","1.98","331.1","0.21","0.18","857.14","0.01","0.0","0.0","88.16","36.47","413.68","0.0","0.0","0.0","174.66","72.32","414.06","1.82","15.92","8747.25","42.37","8.29","195.66","6.28","6.23","12.51","0.0","3.76","0.0"
"73","2005","5","Karnataka","Bellary","102.81","329.39","3203.87","1.23","1.34","1089.43","40.78","87.0","2133.4","39.18","42.38","1081.67","79.96","129.38","1618.06","21.59","17.61","815.66","71.6","233.35","3259.08","6.66","5.89","884.38","0.0","0.0","0.0","15.56","11.2","719.79","10.66","5.63","528.14","14.44","5.19","359.42","74.7","32.64","436.95","6.28","2.94","468.15","0.3","0.02","66.67","4.83","1.58","327.12","0.23","0.23","1000.0","0.03","0.01","333.33","109.12","40.1","367.49","0.0","0.0","0.0","196.2","77.71","396.08","3.53","33.88","9597.73","26.69","5.99","224.43","6.47","6.88","13.35","0.0","4.02","0.0"
"73","2006","5","Karnataka","Bellary","105.92","348.07","3286.16","0.89","0.8","898.88","37.11","42.31","1140.12","18.6","19.81","1065.05","55.71","62.12","1115.06","17.02","8.92","524.09","81.24","185.78","2286.8","3.77","1.84","488.06","0.0","0.0","0.0","37.54","17.8","474.16","9.35","4.36","466.31","12.68","4.84","381.7","68.43","21.94","320.62","6.2","1.54","248.39","0.08","0.01","125.0","3.77","1.63","432.36","0.19","0.15","789.47","0.13","0.04","307.69","107.17","41.56","387.8","0.0","0.0","0.0","186.62","67.03","359.18","3.29","29.72","9033.43","19.17","4.92","256.65","6.99","5.45","12.45","0.0","3.58","0.0"
"73","2007","5","Karnataka","Bellary","117.85","416.63","3535.26","1.16","1.23","1060.34","38.91","63.38","1628.89","25.6","43.31","1691.8","64.5","106.68","1653.95","17.86","15.57","871.78","96.19","273.64","2844.79","3.83","2.83","738.9","0.0","0.0","0.0","33.88","18.83","555.79","9.92","5.4","544.35","11.58","5.3","457.69","68.41","52.69","770.21","4.82","2.22","460.58","0.0","0.0","0.0","3.2","1.97","615.62","0.18","0.12","666.67","0.04","0.01","250.0","100.02","43.27","432.61","0.0","0.0","0.0","177.21","100.5","567.12","4.66","20.31","4358.37","26.6","8.25","310.15","5.48","5.46","10.94","0.0","3.85","0.0"
"73","2008","5","Karnataka","Bellary","122.72","441.87","3600.64","0.14","0.1","714.29","29.51","32.48","1100.64","26.81","35.23","1314.06","56.32","67.7","1202.06","13.4","8.85","660.45","87.46","234.78","2684.43","3.7","2.0","540.54","0.0","0.0","0.0","38.58","25.56","662.52","9.64","4.85","503.11","9.82","4.29","436.86","71.93","24.09","334.91","2.02","0.58","287.13","0.0","0.0","0.0","1.29","0.47","364.34","0.12","0.11","916.67","0.02","0.01","500.0","93.23","36.83","395.04","0.0","0.0","0.0","169.19","62.3","368.23","4.4","24.96","5672.73","19.63","6.18","314.82","6.11","5.2","11.31","0.0","3.88","0.0"
"73","2009","5","Karnataka","Bellary","120.41","380.92","3163.52","1.17","1.05","897.44","30.53","28.3","926.96","25.02","29.19","1166.67","55.55","57.49","1034.92","14.08","8.81","625.71","100.52","198.14","1971.15","3.45","1.25","362.32","0.0","0.0","0.0","45.71","25.4","555.68","8.94","3.3","369.13","11.3","3.9","345.13","70.93","23.42","330.18","2.91","0.54","185.57","0.0","0.0","0.0","1.34","0.41","305.97","0.12","0.08","666.67","0.01","0.0","0.0","67.6","25.25","373.52","0.0","0.0","0.0","143.36","49.86","347.8","3.92","23.88","6091.84","25.27","7.99","316.19","6.56","5.06","11.62","0.0","3.87","0.0"
"73","2010","5","Karnataka","Bellary","130.68","462.98","3542.85","1.02","1.77","1735.29","28.54","48.83","1710.93","21.04","31.54","1499.05","49.58","80.37","1621.02","13.9","13.16","946.76","93.49","306.3","3276.29","6.0","4.78","796.67","0.0","0.0","0.0","69.43","41.09","591.82","10.54","4.47","424.1","8.39","5.79","690.11","72.26","52.42","725.44","2.08","0.64","307.69","0.0","0.0","0.0","0.82","0.3","365.85","0.15","0.12","800.0","0.01","0.0","0.0","40.45","29.12","719.9","0.0","0.0","0.0","116.6","50.8","435.68","1.36","13.6","10000.0","44.89","20.91","465.81","6.71","4.7","11.41","0.0","3.37","0.0"
"73","2011","5","Karnataka","Bellary","116.17","410.63","3534.73","0.65","0.65","1000.0","26.78","43.53","1625.47","15.41","20.73","1345.23","42.19","64.26","1523.11","16.35","15.17","927.83","103.65","275.71","2660.01","3.74","2.49","665.78","0.0","0.0","0.0","60.23","31.07","515.86","9.07","3.36","370.45","5.59","5.88","1051.88","66.8","48.6","727.54","0.54","0.14","259.26","0.0","0.0","0.0","0.07","0.04","571.43","0.26","0.23","884.62","0.0","0.0","0.0","21.63","12.97","599.63","0.0","0.0","0.0","90.0","46.19","513.22","7.61","63.64","8360.01","42.37","15.8","372.91","6.1","5.88","11.98","0.0","4.52","0.01"
"73","2012","5","Karnataka","Bellary","109.15","387.78","3552.73","0.58","0.4","689.66","13.93","17.85","1281.41","24.06","29.82","1239.4","38.0","47.68","1254.74","20.9","16.95","811.0","109.12","254.47","2332.02","4.17","2.12","508.39","0.0","0.0","0.0","60.89","45.66","749.88","5.13","1.8","350.88","5.86","1.9","324.23","60.12","42.65","709.41","0.08","0.03","375.0","0.0","0.0","0.0","0.37","0.17","459.46","0.51","0.32","627.45","0.0","0.0","0.0","38.87","21.03","541.03","0.02","0.02","1000.0","100.64","51.27","509.44","5.66","48.39","8549.47","65.5","31.73","484.43","4.64","5.53","10.17","0.0","3.16","0.01"
"73","2013","5","Karnataka","Bellary","110.55","418.62","3786.7","0.33","0.35","1060.61","31.44","55.67","1770.67","20.16","25.43","1261.41","51.59","81.1","1572.01","17.02","17.2","1010.58","84.63","234.13","2766.51","3.86","3.13","810.88","0.0","0.0","0.0","53.82","46.22","858.79","3.33","1.61","483.48","4.25","1.79","421.18","53.75","64.83","1206.14","0.54","0.24","444.44","0.0","0.0","0.0","0.12","0.2","1666.67","0.49","0.44","897.96","0.0","0.0","0.0","21.53","14.71","683.23","0.0","0.0","0.0","76.77","83.92","1093.14","6.0","48.48","8080.0","74.3","34.37","462.58","5.81","5.89","11.7","0.03","4.18","0.0"
"73","2014","5","Karnataka","Bellary","118.64","408.13","3440.07","0.26","0.34","1307.69","21.32","40.2","1885.55","18.27","27.19","1488.23","39.58","67.39","1702.63","15.57","16.7","1072.58","99.85","261.28","2616.73","3.15","2.49","790.48","0.0","0.0","0.0","67.27","34.34","510.48","3.43","1.32","384.84","4.18","1.93","461.72","54.81","53.36","973.54","1.25","0.46","368.0","0.0","0.0","0.0","0.12","0.03","250.0","0.06","0.04","666.67","0.0","0.0","0.0","25.99","15.81","608.31","0.0","0.0","0.0","82.42","59.16","717.79","3.41","34.95","10249.27","82.34","44.72","543.11","6.93","9.3","16.23","0.03","7.17","0.0"
"73","2015","5","Karnataka","Bellary","93.67","341.44","3645.14","0.11","0.21","1909.09","17.11","28.0","1636.47","33.13","58.22","1757.32","50.23","86.22","1716.5","14.16","13.36","943.5","99.74","263.33","2640.16","3.13","2.08","664.54","0.0","0.0","0.0","75.36","48.68","645.97","2.93","1.04","354.95","7.8","3.16","405.08","49.76","46.58","936.09","3.13","0.79","252.4","0.0","0.0","0.0","0.14","0.06","428.57","0.03","0.01","333.33","0.0","0.0","0.0","18.8","9.54","507.45","0.0","0.0","0.0","72.05","0.0","0.0","7.84","80.39","10260.0","68.05","26.51","389.57","7.66","16.52","24.18","0.19","13.32","0.14"
"73","2016","5","Karnataka","Bellary","87.01","337.8","3882.34","0.08","0.01","129.87","17.06","34.76","2037.76","14.99","9.26","617.37","32.05","44.01","1373.35","16.05","20.18","1257.46","95.1","250.59","2634.99","2.38","2.55","1070.62","0.0","0.0","0.0","9.47","2.64","278.37","11.95","7.04","588.98","3.27","0.94","287.72","36.38","42.74","1174.7","0.65","0.31","467.18","0.02","0.0","176.47","0.01","0.0","285.71","0.16","0.08","493.83","0.0","0.0","0.0","13.77","9.28","673.54","0.0","0.0","0.0","0.0","0.0","0.0","6.99","51.16","7315.0","48.06","24.06","500.65","8.84","14.11","22.96","0.0","11.45","0.0"
"73","2017","5","Karnataka","Bellary","101.93","388.34","3809.74","0.58","0.77","1317.87","11.27","28.41","2520.32","28.04","58.45","2084.26","39.31","86.86","2209.28","24.47","44.95","1836.9","97.82","376.54","3849.42","11.0","15.23","1383.84","0.0","0.0","0.0","26.86","26.59","989.91","9.36","7.69","821.75","3.85","2.96","770.13","60.42","90.14","1491.96","0.09","0.17","1898.88","0.04","0.01","170.73","0.0","0.0","1000.0","0.06","0.04","650.0","0.0","0.0","0.0","8.04","10.31","1282.21","0.0","0.0","0.0","0.0","0.0","0.0","4.41","37.24","8455.01","59.16","35.81","605.22","10.44","10.88","21.32","0.0","5.75","0.0"
"74","2000","5","Karnataka","Dharwad","97.3","176.0","1808.84","73.7","47.0","637.72","58.19","95.94","1648.74","145.25","82.81","570.12","203.4","178.76","878.86","2.3","1.0","434.78","133.5","504.0","3775.28","3.3","5.0","1515.15","0.0","0.0","0.0","67.7","37.0","546.53","11.4","7.0","614.04","139.4","63.0","451.94","148.9","124.0","832.77","3.8","2.0","526.32","0.2","0.0","0.0","12.2","10.0","819.67","0.6","0.0","0.0","1.6","0.0","0.0","55.1","24.0","435.57","4.52","3.08","681.42","229.9","164.0","713.35","11.4","107.3","9412.28","227.6","56.95","250.22","7.1","80.42","87.52","4.64","66.11","2.7"
"74","2001","5","Karnataka","Dharwad","98.48","42.49","431.46","75.46","26.39","349.72","41.35","46.2","1117.29","156.38","54.9","351.07","197.72","101.09","511.28","2.37","1.25","527.43","92.19","207.64","2252.31","2.72","1.89","694.85","0.0","0.0","0.0","75.93","15.43","203.21","10.05","3.46","344.28","85.77","20.42","238.08","100.47","40.96","407.68","2.17","0.92","423.96","0.4","0.08","200.0","11.7","7.07","604.27","0.38","0.28","736.84","1.28","0.33","257.81","57.11","21.03","368.24","5.21","3.87","742.8","181.29","75.17","414.64","9.17","70.74","7714.29","263.39","30.45","115.61","8.91","80.03","88.93","2.21","67.39","2.64"
"74","2002","5","Karnataka","Dharwad","97.28","38.9","399.88","73.55","18.28","248.54","45.7","46.08","1008.32","175.31","44.31","252.75","221.01","90.4","409.03","1.83","0.97","530.05","137.49","264.12","1921.01","1.92","0.99","515.62","0.0","0.0","0.0","91.56","20.22","220.84","9.83","1.75","178.03","162.4","12.68","78.08","118.22","50.22","424.8","3.97","1.41","355.16","0.06","0.02","333.33","14.55","5.95","408.93","0.16","0.14","875.0","1.33","0.42","315.79","76.67","19.14","249.64","6.05","3.84","634.71","223.05","81.63","365.97","7.5","39.53","5270.67","196.49","18.63","94.81","9.65","76.09","85.73","2.23","64.9","2.25"
"74","2003","5","Karnataka","Dharwad","67.97","40.88","601.44","91.66","23.61","257.58","41.07","20.97","510.59","237.5","27.85","117.26","278.56","48.82","175.26","1.54","0.72","467.53","127.99","152.7","1193.06","2.51","0.89","354.58","0.0","0.0","0.0","99.89","7.0","70.08","7.29","0.95","130.32","75.68","6.54","86.42","96.97","24.33","250.9","2.2","0.82","372.73","0.11","0.02","181.82","21.39","4.49","209.91","0.14","0.13","928.57","1.11","0.09","81.08","124.3","27.11","218.1","18.88","11.97","634.0","266.21","69.22","260.02","5.38","20.24","3762.08","136.4","11.84","86.8","9.88","68.22","78.09","2.05","58.23","1.17"
"74","2004","5","Karnataka","Dharwad","62.48","79.03","1264.88","76.63","46.42","605.77","49.87","62.03","1243.83","167.88","112.99","673.04","217.75","175.03","803.81","2.2","1.29","586.36","176.93","445.94","2520.43","1.55","1.91","1232.26","0.0","0.0","0.0","79.98","42.65","533.26","10.05","4.36","433.83","191.82","35.38","184.44","121.36","73.66","606.95","4.33","2.55","588.91","0.06","0.01","166.67","22.18","14.61","658.7","0.23","0.21","913.04","1.57","0.37","235.67","107.11","51.47","480.53","24.16","17.07","706.54","282.86","160.39","567.03","1.6","14.71","9193.75","209.74","35.01","166.92","9.17","87.21","96.38","0.28","78.91","1.2"
"74","2005","5","Karnataka","Dharwad","57.25","122.68","2142.88","75.99","56.48","743.26","45.9","65.59","1428.98","145.4","96.99","667.06","191.3","162.58","849.87","2.55","2.26","886.27","221.53","601.14","2713.58","1.6","2.21","1381.25","0.0","0.0","0.0","66.96","37.99","567.35","10.09","6.24","618.43","174.63","47.53","272.18","141.29","61.28","433.72","3.25","2.69","827.69","0.36","0.09","250.0","14.47","13.5","932.96","0.38","0.39","1026.32","1.25","0.5","400.0","124.62","67.6","542.45","24.69","9.23","373.84","312.45","155.8","498.64","2.43","21.39","8802.47","192.61","36.19","187.89","9.65","92.41","102.06","0.73","82.45","0.25"
"74","2006","5","Karnataka","Dharwad","66.51","117.95","1773.42","76.36","44.65","584.73","36.76","39.4","1071.82","122.14","66.46","544.13","158.88","105.86","666.29","2.07","0.92","444.44","194.68","585.45","3007.24","1.43","1.47","1027.97","0.0","0.0","0.0","95.1","43.11","453.31","8.85","5.05","570.62","170.54","32.39","189.93","110.03","53.2","483.5","1.96","1.25","637.76","0.33","0.08","242.42","17.25","14.97","867.83","0.18","0.15","833.33","0.97","0.3","309.28","122.16","35.81","293.14","29.05","16.85","580.03","283.87","123.07","433.54","2.54","18.93","7452.76","188.3","39.62","210.41","10.24","97.96","108.2","1.23","87.55","1.56"
"74","2007","5","Karnataka","Dharwad","69.81","154.93","2219.31","79.52","58.66","737.68","37.78","57.39","1519.06","133.24","115.84","869.41","171.01","173.23","1012.98","2.0","3.23","1615.0","224.32","574.57","2561.39","1.06","1.15","1084.91","0.0","0.0","0.0","92.29","47.83","518.26","8.8","5.47","621.59","175.96","39.51","224.54","108.66","73.18","673.48","1.9","0.99","521.05","0.23","0.09","391.3","13.91","15.13","1087.71","0.36","0.24","666.67","0.98","0.51","520.41","95.61","43.4","453.93","30.76","17.61","572.5","254.56","151.83","596.44","11.31","40.49","3580.02","201.03","54.53","271.25","11.28","103.36","114.63","1.92","92.56","0.94"
"74","2008","5","Karnataka","Dharwad","86.41","102.5","1186.21","56.2","39.58","704.27","30.29","34.68","1144.93","131.83","116.5","883.71","162.12","151.17","932.46","1.64","0.94","573.17","194.35","490.84","2525.55","1.06","1.3","1226.42","0.0","0.0","0.0","95.27","54.98","577.1","7.25","4.75","655.17","88.83","12.85","144.66","111.74","52.21","467.25","1.38","0.71","514.49","0.21","0.09","428.57","13.92","17.04","1224.14","0.09","0.09","1000.0","1.04","0.56","538.46","107.91","42.58","394.59","36.75","26.22","713.47","274.53","140.01","510.0","7.68","30.31","3946.61","204.98","64.12","312.81","12.31","77.28","89.59","1.34","66.38","1.08"
"74","2009","5","Karnataka","Dharwad","78.97","95.47","1208.94","71.91","47.59","661.8","27.56","22.0","798.26","124.92","84.23","674.27","152.48","106.23","696.68","1.8","0.91","505.56","226.12","471.76","2086.33","0.63","0.44","698.41","0.0","0.0","0.0","132.85","56.55","425.67","8.06","4.24","526.05","130.96","31.63","241.52","127.99","75.47","589.66","2.49","0.76","305.22","0.19","0.08","421.05","13.21","12.13","918.24","0.07","0.05","714.29","0.73","0.38","520.55","72.97","25.97","355.9","47.37","22.94","484.27","266.81","138.44","518.87","8.74","14.4","1647.6","254.71","60.45","237.33","13.99","106.98","120.95","1.13","96.36","0.84"
"74","2010","5","Karnataka","Dharwad","81.43","133.81","1643.25","69.42","68.17","981.99","20.55","33.07","1609.25","120.82","103.92","860.12","141.37","136.97","968.88","2.8","2.4","857.14","233.78","801.09","3426.68","0.53","0.53","1000.0","0.0","0.0","0.0","128.57","76.59","595.71","9.43","5.35","567.34","119.81","31.19","260.33","120.97","130.69","1080.35","1.27","0.79","622.05","0.12","0.05","416.67","8.6","7.74","900.0","0.08","0.07","875.0","0.86","0.29","337.21","55.35","34.55","624.21","37.83","34.92","923.08","226.67","194.87","859.71","6.87","49.68","7231.44","266.44","99.81","374.61","17.98","87.51","105.48","1.14","76.53","0.96"
"74","2011","5","Karnataka","Dharwad","77.22","137.78","1784.25","75.81","52.29","689.75","18.94","29.27","1545.41","108.96","71.52","656.39","127.89","100.79","788.1","2.17","1.66","764.98","248.11","747.02","3010.84","0.66","0.74","1121.21","0.0","0.0","0.0","129.39","45.14","348.87","8.29","4.08","492.16","94.42","19.86","210.34","106.27","100.22","943.07","1.12","0.52","464.29","0.03","0.01","333.33","17.78","9.37","527.0","0.03","0.02","666.67","0.61","0.17","278.69","46.54","21.11","453.59","28.75","24.38","848.0","202.93","142.64","702.9","22.33","176.15","7887.15","234.82","86.41","367.98","18.41","71.83","90.23","1.18","60.93","0.88"
"74","2012","5","Karnataka","Dharwad","79.78","74.7","936.32","75.78","41.97","553.84","13.98","13.25","947.78","162.74","91.52","562.37","176.72","104.77","592.86","3.04","2.39","786.18","240.36","501.64","2087.04","0.32","0.19","593.75","0.0","0.0","0.0","171.45","62.18","362.67","5.0","1.95","390.0","37.18","6.02","161.92","68.73","44.94","653.86","0.69","0.1","144.93","0.02","0.01","500.0","17.63","8.68","492.34","0.01","0.0","0.0","0.45","0.09","200.0","79.79","32.98","413.34","27.29","18.48","677.17","195.64","91.89","469.69","11.78","80.07","6797.11","139.66","45.18","323.5","17.85","23.97","41.82","0.67","13.91","0.33"
"74","2013","5","Karnataka","Dharwad","73.73","155.57","2110.0","64.95","56.47","869.44","14.51","19.84","1367.33","119.65","94.28","787.96","134.15","114.12","850.69","2.78","2.18","784.17","263.57","818.61","3105.85","0.2","0.17","850.0","0.0","0.0","0.0","139.32","88.59","635.87","6.17","3.83","620.75","109.04","20.44","187.45","104.0","101.53","976.25","0.73","0.35","479.45","0.07","0.03","428.57","13.18","8.05","610.77","0.05","0.04","800.0","0.38","0.14","368.42","55.67","32.23","578.95","33.69","34.15","1013.65","209.18","166.29","794.96","12.01","121.47","10114.07","246.51","88.13","357.51","17.8","65.28","83.08","1.24","53.39","0.41"
"74","2014","5","Karnataka","Dharwad","68.9","157.35","2283.74","46.38","54.25","1169.69","8.48","11.44","1349.06","127.52","127.21","997.57","135.99","138.66","1019.63","2.43","1.43","588.48","237.14","661.05","2787.59","0.25","0.2","800.0","0.0","0.0","0.0","136.57","96.18","704.25","4.56","3.33","730.26","102.63","20.92","203.84","88.16","80.92","917.88","0.86","0.54","627.91","0.03","0.01","333.33","8.2","6.35","774.39","0.01","0.01","1000.0","0.26","0.08","307.69","49.83","27.5","551.88","37.0","37.0","1000.0","185.38","142.31","767.67","20.9","193.26","9246.89","301.37","119.33","395.96","17.94","94.48","112.42","1.48","82.82","0.19"
"74","2015","5","Karnataka","Dharwad","70.59","67.57","957.22","49.86","26.88","539.11","5.78","4.48","775.09","132.84","67.24","506.17","138.62","71.72","517.39","1.09","0.41","376.15","235.76","507.96","2154.56","0.18","0.18","1000.0","0.0","0.0","0.0","203.61","52.13","256.03","4.39","1.39","316.63","133.02","26.8","201.48","95.11","53.76","565.24","0.49","0.1","204.08","0.03","0.01","333.33","15.92","4.58","287.69","0.01","0.01","1000.0","0.15","0.01","66.67","46.54","15.99","343.58","47.08","29.16","619.37","205.91","0.0","0.0","22.99","191.21","8316.55","200.16","59.13","295.41","17.06","94.5","111.56","1.16","83.51","0.09"
"74","2016","5","Karnataka","Dharwad","59.82","56.76","948.88","44.02","15.68","356.17","6.29","5.4","857.87","150.26","40.58","270.09","156.55","45.98","293.7","1.28","0.87","676.79","275.8","641.38","2325.56","0.19","0.13","686.49","0.0","0.0","0.0","186.75","26.01","139.3","8.37","4.63","554.09","147.05","30.4","206.7","99.76","59.65","597.95","0.44","0.21","490.83","0.06","0.01","196.43","7.73","1.1","142.01","0.02","0.01","473.68","0.14","0.0","21.58","37.27","8.21","220.21","48.28","59.31","1228.4","0.0","0.0","0.0","17.81","137.14","7698.66","198.3","46.8","236.0","17.29","94.75","112.03","1.07","84.13","0.08"
"74","2017","5","Karnataka","Dharwad","52.59","74.86","1423.5","54.57","35.42","649.01","4.94","6.7","1354.85","165.03","115.79","701.61","169.98","122.49","720.6","2.17","2.88","1327.04","251.61","989.38","3932.23","0.19","0.24","1276.04","0.0","0.0","0.0","237.58","117.33","493.85","5.47","3.76","686.03","113.23","13.05","115.3","78.4","77.18","984.45","0.24","0.25","1024.9","0.04","0.01","175.0","11.35","6.66","586.7","0.03","0.02","633.33","0.09","0.04","404.26","36.59","21.84","597.09","36.39","30.46","837.18","0.0","0.0","0.0","22.51","186.79","8297.89","148.05","67.14","453.47","18.37","58.21","76.59","1.09","45.26","0.15"
"75","2000","5","Karnataka","Belgaum","63.8","105.0","1645.77","56.8","73.0","1285.21","49.39","64.48","1305.53","141.86","98.0","690.82","191.3","162.48","849.35","42.3","18.0","425.53","113.2","286.0","2526.5","2.3","3.0","1304.35","0.0","0.0","0.0","34.1","18.0","527.86","10.2","4.0","392.16","57.2","16.0","279.72","86.6","84.0","969.98","1.4","1.0","714.29","0.8","0.0","0.0","7.3","4.0","547.95","1.1","1.0","909.09","2.5","1.0","400.0","14.5","8.0","551.72","52.76","56.89","1078.28","167.5","156.0","931.34","174.7","1792.4","10259.87","49.1","16.15","328.92","5.0","18.36","23.36","5.96","2.45","14.92"
"75","2001","5","Karnataka","Belgaum","63.74","56.55","887.2","45.65","49.75","1089.81","33.84","40.78","1205.08","151.47","78.47","518.06","185.32","119.26","643.54","11.31","3.17","280.28","99.13","207.85","2096.74","2.0","1.91","955.0","0.0","0.0","0.0","31.99","11.15","348.55","3.81","0.78","204.72","29.86","7.98","267.25","61.1","44.96","735.84","0.79","0.29","367.09","0.5","0.07","140.0","4.7","2.69","572.34","0.35","0.26","742.86","2.52","0.57","226.19","9.66","6.18","639.75","42.59","35.85","841.75","122.66","90.98","741.73","156.04","1096.98","7030.12","40.77","8.61","211.18","4.08","14.98","19.05","5.23","1.66","14.09"
"75","2002","5","Karnataka","Belgaum","66.01","38.28","579.91","52.3","38.11","728.68","42.06","57.64","1370.42","156.09","67.84","434.62","198.15","125.47","633.21","20.99","2.82","134.35","92.22","188.75","2046.74","1.97","1.13","573.6","0.0","0.0","0.0","36.19","13.16","363.64","5.2","1.25","240.38","49.3","6.19","125.56","67.4","42.44","629.67","0.89","0.34","382.02","0.46","0.06","130.43","6.4","3.49","545.31","0.3","0.14","466.67","2.33","0.44","188.84","20.67","9.39","454.28","49.71","42.83","861.6","149.21","99.37","665.97","145.13","1089.22","7505.13","29.03","5.32","183.26","3.98","19.08","23.06","4.51","5.55","6.39"
"75","2003","5","Karnataka","Belgaum","68.13","49.28","723.32","51.45","32.01","622.16","32.56","29.67","911.24","209.52","24.77","118.22","242.07","54.44","224.89","5.93","1.06","178.75","72.92","158.68","2176.08","2.02","1.59","787.13","0.0","0.0","0.0","51.99","9.21","177.15","2.35","0.28","119.15","12.74","1.67","131.08","52.64","38.04","722.64","0.33","0.15","454.55","0.21","0.03","142.86","10.36","2.7","260.62","0.12","0.11","916.67","1.9","0.37","194.74","30.77","14.5","471.24","62.2","27.12","436.01","159.04","83.14","522.76","105.24","489.88","4654.88","18.75","2.33","124.27","4.3","16.64","20.94","5.15","3.78","5.05"
"75","2004","5","Karnataka","Belgaum","71.34","115.57","1619.99","56.81","59.11","1040.49","54.08","82.1","1518.12","171.53","113.47","661.52","225.61","195.58","866.89","40.73","20.51","503.56","121.54","384.21","3161.18","1.96","2.27","1158.16","0.0","0.0","0.0","41.42","20.35","491.31","5.52","1.73","313.41","68.04","11.69","171.81","79.53","47.48","597.01","0.59","0.32","542.37","0.25","0.04","160.0","11.49","5.47","476.07","0.21","0.18","857.14","1.75","0.32","182.86","56.45","33.13","586.89","97.17","59.45","611.81","248.19","146.56","590.52","69.07","413.41","5985.38","37.66","10.61","281.73","4.78","21.13","25.9","5.34","6.97","6.58"
"75","2005","5","Karnataka","Belgaum","66.83","145.98","2184.35","63.04","65.63","1041.08","43.43","57.81","1331.11","156.89","106.15","676.59","200.31","163.95","818.48","27.55","10.73","389.47","137.58","486.3","3534.67","1.56","0.76","487.18","0.0","0.0","0.0","49.0","24.64","502.86","6.1","1.73","283.61","46.8","12.81","273.72","73.9","37.13","502.44","0.76","0.66","868.42","0.24","0.03","125.0","9.66","6.99","723.6","0.13","0.13","1000.0","1.05","0.44","419.05","43.28","19.29","445.7","69.12","38.28","553.82","199.22","103.2","518.02","92.97","821.4","8835.11","28.36","7.11","250.71","4.76","21.43","26.18","5.06","7.46","8.19"
"75","2006","5","Karnataka","Belgaum","67.06","99.25","1480.02","72.37","89.93","1242.64","38.08","50.99","1339.02","139.35","102.99","739.07","177.43","153.98","867.84","30.04","9.57","318.58","128.02","427.89","3342.37","1.5","0.94","626.67","0.0","0.0","0.0","57.0","23.1","405.26","5.66","1.67","295.05","48.01","10.54","219.54","70.09","36.49","520.62","0.78","0.33","423.08","0.38","0.05","131.58","8.13","4.67","574.42","0.27","0.22","814.81","1.51","0.63","417.22","42.28","24.87","588.22","76.93","58.98","766.67","201.27","126.44","628.21","97.76","826.58","8455.2","28.25","8.64","305.84","5.32","21.4","26.72","4.95","7.85","7.47"
"75","2007","5","Karnataka","Belgaum","69.42","100.52","1448.0","62.96","78.13","1240.95","38.39","76.19","1984.63","118.94","97.92","823.27","157.34","174.11","1106.58","36.17","17.34","479.4","152.79","498.31","3261.4","1.11","0.5","450.45","0.0","0.0","0.0","47.77","25.18","527.11","5.7","2.35","412.28","49.19","13.45","273.43","67.65","46.79","691.65","0.87","0.24","275.86","0.2","0.07","350.0","7.83","4.31","550.45","0.2","0.13","650.0","1.55","0.51","329.03","41.76","27.63","661.64","64.42","55.39","859.83","184.99","135.25","731.12","193.75","928.18","4790.61","21.05","8.75","415.68","7.41","25.37","32.78","3.9","12.69","4.36"
"75","2008","5","Karnataka","Belgaum","71.24","93.41","1311.2","32.71","39.23","1199.33","30.7","48.71","1586.64","134.71","125.47","931.41","165.41","174.18","1053.02","14.13","5.75","406.94","145.74","426.87","2928.98","0.97","0.33","340.21","0.0","0.0","0.0","52.34","25.89","494.65","4.24","1.72","405.66","40.52","7.28","179.66","50.97","30.21","592.7","0.52","0.11","211.54","0.32","0.21","656.25","6.94","5.18","746.4","0.13","0.12","923.08","1.2","0.52","433.33","42.41","28.16","663.99","70.1","47.15","672.61","172.93","111.78","646.39","191.4","965.4","5043.89","20.04","6.56","327.35","7.54","19.98","27.52","3.66","6.83","3.83"
"75","2009","5","Karnataka","Belgaum","71.89","84.04","1169.01","57.14","59.0","1032.55","31.59","39.54","1251.66","137.72","148.15","1075.73","169.31","187.69","1108.56","24.31","6.29","258.74","162.34","343.58","2116.42","1.61","0.59","366.46","0.0","0.0","0.0","85.06","38.83","456.5","4.67","1.42","304.07","39.17","6.83","174.37","51.66","31.42","608.21","0.55","0.02","36.36","0.4","0.12","300.0","6.08","3.14","516.45","0.13","0.08","615.38","1.99","0.49","246.23","31.67","14.87","469.53","97.4","49.32","506.37","190.42","99.65","523.32","198.92","1497.28","7527.05","30.05","10.79","359.07","8.26","27.18","35.44","3.76","12.47","3.88"
"75","2010","5","Karnataka","Belgaum","68.47","135.88","1984.52","54.24","67.91","1252.03","27.62","42.91","1553.58","118.54","118.38","998.65","146.16","161.29","1103.52","19.15","12.52","653.79","157.51","505.05","3206.46","1.36","1.0","735.29","0.0","0.0","0.0","68.25","44.48","651.72","5.62","2.19","389.68","34.09","8.69","254.91","42.95","40.13","934.34","0.62","0.1","161.29","0.56","0.28","500.0","5.9","6.63","1123.73","0.37","0.32","864.86","2.15","0.8","372.09","20.87","15.78","756.11","78.66","64.42","818.97","152.56","124.81","818.1","182.4","1680.81","9214.97","38.33","17.15","447.43","9.61","25.28","34.88","3.76","9.15","3.57"
"75","2011","5","Karnataka","Belgaum","68.31","132.5","1939.69","44.01","43.95","998.64","26.5","37.92","1430.94","128.24","137.97","1075.87","154.74","175.88","1136.62","12.46","5.52","443.02","148.0","440.05","2973.31","0.53","0.48","905.66","0.0","0.0","0.0","52.17","26.47","507.38","4.16","1.27","305.29","28.19","7.08","251.15","36.25","33.34","919.72","0.5","0.06","120.0","0.0","0.0","0.0","6.06","3.83","632.01","0.14","0.12","857.14","0.72","0.17","236.11","16.81","9.41","559.79","77.18","60.27","780.9","139.02","126.45","909.58","342.41","3252.9","9500.0","38.01","19.88","523.02","9.51","23.47","32.99","3.28","9.18","3.94"
"75","2012","5","Karnataka","Belgaum","63.7","95.08","1492.62","47.29","42.59","900.61","25.22","28.36","1124.5","95.73","74.86","781.99","120.95","103.22","853.41","7.58","2.66","350.92","133.17","352.83","2649.47","0.9","0.67","744.44","0.0","0.0","0.0","41.76","21.39","512.21","2.31","1.17","506.49","13.1","0.65","49.62","37.43","29.63","791.61","0.28","0.03","107.14","0.0","0.0","0.0","4.85","1.55","319.59","0.1","0.06","600.0","0.92","0.17","184.78","13.45","7.58","563.57","60.2","40.38","670.76","117.84","81.49","691.53","168.13","1389.58","8264.91","22.68","7.53","332.01","8.72","26.32","35.04","5.2","4.79","9.3"
"75","2013","5","Karnataka","Belgaum","58.67","123.84","2110.79","39.36","37.43","950.97","27.98","33.23","1187.63","97.77","90.3","923.6","125.75","123.53","982.35","12.44","8.2","659.16","157.64","496.25","3148.0","1.22","1.11","909.84","0.0","0.0","0.0","64.07","31.77","495.86","3.83","1.65","430.81","27.88","11.28","404.59","39.52","39.21","992.16","0.32","0.07","218.75","0.01","0.0","0.0","2.39","1.35","564.85","0.53","0.48","905.66","0.61","0.34","557.38","10.68","7.09","663.86","66.77","49.16","736.26","121.92","103.43","848.34","159.44","1438.97","9025.15","31.37","15.6","497.29","9.64","30.8","40.44","5.04","7.83","7.06"
"75","2014","5","Karnataka","Belgaum","59.94","176.69","2947.78","46.81","74.09","1582.78","20.22","27.79","1374.38","103.88","114.55","1102.71","124.11","142.34","1146.89","9.26","6.15","664.15","156.72","580.54","3704.31","1.13","1.37","1212.39","0.0","0.0","0.0","78.64","48.93","622.2","2.87","2.32","808.36","35.19","11.82","335.89","37.73","34.59","916.78","0.16","0.14","875.0","0.25","0.05","200.0","2.81","2.16","768.68","0.08","0.05","625.0","0.77","0.19","246.75","15.45","10.02","648.54","74.31","67.99","914.95","132.1","116.64","882.97","180.57","1629.65","9025.03","40.31","19.73","489.46","11.02","34.84","45.86","4.58","11.09","5.31"
"75","2015","5","Karnataka","Belgaum","61.23","40.8","666.34","32.91","29.76","904.28","18.5","14.08","761.08","145.22","83.0","571.55","163.72","97.08","592.96","4.54","1.69","372.25","131.16","281.65","2147.38","0.25","0.2","800.0","0.0","0.0","0.0","104.26","31.1","298.29","5.08","1.14","224.41","40.45","5.11","126.29","37.42","21.34","570.28","0.11","0.04","363.64","0.01","0.0","0.0","2.14","0.58","271.03","0.02","0.01","500.0","0.25","0.03","120.0","23.98","9.42","392.83","90.45","30.76","340.1","154.63","0.0","0.0","175.78","1452.81","8265.0","39.58","10.63","268.57","10.74","29.8","40.54","4.8","10.74","4.65"
"75","2016","5","Karnataka","Belgaum","65.59","123.76","1886.84","50.77","69.6","1370.84","25.62","37.29","1455.39","106.44","80.02","751.73","132.07","117.31","888.26","10.2","6.19","606.8","165.6","518.68","3132.11","1.2","1.59","1324.98","0.0","0.0","0.0","102.64","51.68","503.5","9.9","7.3","737.24","51.59","16.28","315.55","35.36","34.66","980.32","0.27","0.2","756.55","0.01","0.0","222.22","1.68","0.96","569.98","0.02","0.01","478.26","0.15","0.03","190.48","9.77","6.05","618.9","93.87","100.86","1074.45","0.0","0.0","0.0","163.51","1071.81","6555.0","54.72","26.16","478.09","10.93","18.69","29.62","2.79","2.68","4.53"
"75","2017","5","Karnataka","Belgaum","64.58","148.63","2301.29","46.35","70.18","1514.29","12.63","29.55","2339.83","132.37","153.58","1160.19","145.0","183.12","1262.92","7.78","9.42","1210.36","141.2","623.11","4413.1","0.43","0.6","1378.75","0.0","0.0","0.0","112.24","83.71","745.75","6.28","4.28","681.11","43.15","15.01","347.91","32.63","39.93","1223.77","0.08","0.05","619.05","0.14","0.02","166.67","1.46","1.57","1078.93","0.0","0.0","750.0","0.14","0.07","461.54","7.79","9.06","1162.97","76.75","94.49","1231.2","0.0","0.0","0.0","208.73","2062.24","9880.0","31.0","18.3","590.43","14.83","25.98","40.81","3.7","4.4","1.37"
"76","2000","5","Karnataka","Bijapur / Vijayapura","0.4","1.0","2500.0","75.2","85.0","1130.32","12.43","24.92","2004.83","456.52","307.64","673.88","468.9","332.56","709.23","152.9","131.0","856.77","67.8","203.0","2994.1","0.0","0.0","0.0","0.0","0.0","0.0","52.5","31.0","590.48","35.8","22.0","614.53","92.3","39.0","422.54","83.7","54.0","645.16","3.7","2.0","540.54","0.1","0.0","0.0","14.4","10.0","694.44","0.1","0.0","0.0","10.0","4.0","400.0","156.9","81.0","516.25","4.77","4.78","1002.1","274.9","156.0","567.48","82.5","874.2","10596.36","30.5","8.67","284.26","16.13","15.78","31.91","0.0","9.88","0.93"
"76","2001","5","Karnataka","Bijapur / Vijayapura","0.18","0.44","2444.44","83.26","88.43","1062.09","7.06","12.4","1756.37","492.15","362.98","737.54","499.21","375.38","751.95","25.47","16.96","665.88","48.71","137.19","2816.46","0.0","0.0","0.0","0.0","0.0","0.0","80.89","53.86","665.84","13.36","5.27","394.46","29.66","12.93","435.94","43.75","40.75","931.43","1.24","0.65","524.19","0.07","0.01","142.86","15.16","9.3","613.46","0.02","0.01","500.0","12.53","4.47","356.74","224.13","97.23","433.81","0.41","0.3","731.71","297.7","152.78","513.2","80.91","663.95","8206.03","25.19","6.32","250.89","18.7","22.08","40.77","0.0","17.11","0.69"
"76","2002","5","Karnataka","Bijapur / Vijayapura","0.15","0.27","1800.0","73.49","70.5","959.31","5.79","9.47","1635.58","501.39","329.65","657.47","507.18","339.11","668.62","79.62","29.85","374.91","43.46","126.5","2910.72","0.0","0.0","0.0","0.0","0.0","0.0","89.57","53.3","595.07","20.75","7.15","344.58","66.17","13.39","202.36","69.88","40.12","574.13","1.93","1.07","554.4","0.08","0.01","125.0","13.41","7.63","568.98","0.03","0.03","1000.0","10.01","4.04","403.6","280.51","127.65","455.06","1.35","0.73","540.74","377.72","181.37","480.17","77.23","659.74","8542.54","6.36","1.5","235.85","26.25","16.32","42.57","0.0","12.31","0.67"
"76","2003","5","Karnataka","Bijapur / Vijayapura","0.13","0.25","1923.08","49.73","36.13","726.52","4.44","9.53","2146.4","362.97","216.16","595.53","367.4","125.69","342.11","52.02","29.3","563.24","37.47","110.94","2960.77","0.0","0.0","0.0","0.0","0.0","0.0","90.7","18.52","204.19","22.34","5.46","244.4","33.67","4.29","127.41","62.51","41.72","667.41","0.65","0.29","446.15","0.07","0.01","142.86","11.85","2.0","168.78","0.01","0.01","1000.0","6.84","0.3","43.86","368.33","92.23","250.4","0.0","0.0","0.0","450.81","136.71","303.25","46.81","334.0","7135.23","4.46","1.38","309.42","22.02","11.11","33.12","0.0","8.19","0.58"
"76","2004","5","Karnataka","Bijapur / Vijayapura","0.09","0.23","2555.56","70.32","77.5","1102.1","11.48","21.45","1868.47","388.54","246.17","633.58","400.01","267.62","669.03","148.58","97.59","656.82","70.46","225.61","3201.96","0.0","0.0","0.0","0.0","0.0","0.0","70.62","35.74","506.09","40.06","7.72","192.71","116.63","28.96","248.31","106.69","60.1","563.31","1.86","1.07","575.27","0.07","0.01","142.86","8.5","4.16","489.41","0.0","0.0","0.0","7.69","1.7","221.07","425.78","163.88","384.89","9.22","5.19","562.91","560.89","236.26","421.22","37.58","344.01","9154.07","10.36","3.37","325.29","23.11","15.69","38.8","0.0","12.43","0.73"
"76","2005","5","Karnataka","Bijapur / Vijayapura","0.28","0.71","2535.71","72.94","77.07","1056.62","10.49","27.35","2607.24","365.04","340.12","931.73","375.53","367.47","978.54","127.42","107.14","840.84","82.5","291.27","3530.55","0.0","0.0","0.0","0.0","0.0","0.0","72.17","32.83","454.9","41.13","16.43","399.47","70.73","18.95","267.92","109.57","60.94","556.17","3.62","1.98","546.96","0.08","0.01","125.0","7.59","2.86","376.81","0.01","0.01","1000.0","7.79","2.4","308.09","476.67","222.67","467.14","6.54","4.96","758.41","612.3","295.88","483.23","49.14","430.95","8769.84","7.49","2.54","339.12","23.67","20.05","43.71","0.0","16.18","0.97"
"76","2006","5","Karnataka","Bijapur / Vijayapura","0.16","0.43","2687.5","84.19","65.88","782.52","9.15","8.29","906.01","343.24","254.12","740.36","352.39","262.41","744.66","134.85","57.48","426.25","82.43","256.65","3113.55","0.0","0.0","0.0","0.0","0.0","0.0","157.98","63.2","400.05","51.44","21.72","422.24","90.12","13.42","148.91","92.11","41.16","446.86","2.36","0.84","355.93","0.05","0.01","200.0","12.3","4.79","389.43","0.08","0.06","750.0","7.11","2.29","322.08","358.58","89.46","249.48","3.38","3.23","955.62","477.27","142.03","297.59","71.64","572.2","7987.16","4.72","1.36","288.14","23.14","21.09","44.23","0.0","17.46","0.73"
"76","2007","5","Karnataka","Bijapur / Vijayapura","0.09","0.26","2888.89","94.36","109.41","1159.5","10.03","16.69","1664.01","350.64","437.45","1247.58","360.66","454.14","1259.19","167.41","133.11","795.11","123.45","435.77","3529.93","0.0","0.0","0.0","0.0","0.0","0.0","150.78","102.27","678.27","82.82","37.79","456.29","126.8","30.84","243.22","107.28","61.02","568.79","2.66","1.44","541.35","0.04","0.02","500.0","9.99","4.67","467.47","0.1","0.07","700.0","8.78","3.57","406.61","238.46","112.15","470.31","2.59","3.48","1343.63","371.36","186.73","502.83","112.77","667.96","5923.21","6.76","2.4","355.03","24.19","35.48","59.67","0.0","30.84","0.63"
"76","2008","5","Karnataka","Bijapur / Vijayapura","0.1","0.31","3100.0","0.0","0.0","0.0","5.58","9.85","1765.23","361.16","396.98","1099.18","366.74","406.82","1109.29","55.19","42.81","775.68","112.78","358.35","3177.43","0.0","0.0","0.0","0.0","0.0","0.0","190.14","105.25","553.54","49.75","19.58","393.57","34.22","4.69","137.05","68.26","45.26","663.05","1.61","0.38","236.02","0.0","0.0","0.0","13.8","7.24","524.64","0.1","0.1","1000.0","8.82","3.14","356.01","231.23","87.66","379.1","2.28","2.31","1013.16","326.34","146.14","447.82","127.29","695.68","5465.32","8.02","3.2","399.0","26.0","24.12","50.12","0.0","19.97","0.41"
"76","2009","5","Karnataka","Bijapur / Vijayapura","0.16","0.46","2875.0","107.8","113.52","1053.06","5.23","3.82","730.4","311.05","279.51","898.6","316.28","283.32","895.79","105.67","45.57","431.25","146.59","293.76","2003.96","0.0","0.0","0.0","0.0","0.0","0.0","256.24","165.69","646.62","108.9","33.66","309.09","81.0","11.28","139.26","101.43","59.45","586.12","3.48","1.26","362.07","0.0","0.0","0.0","9.98","5.12","513.03","0.02","0.02","1000.0","6.56","1.84","280.49","180.1","51.06","283.51","3.52","2.04","579.55","306.14","121.06","395.44","132.61","844.14","6365.58","6.49","2.05","315.87","23.62","41.7","65.32","0.0","36.14","0.5"
"76","2010","5","Karnataka","Bijapur / Vijayapura","0.21","0.59","2809.52","88.66","92.64","1044.89","3.71","10.34","2787.06","292.77","358.88","1225.81","296.48","369.22","1245.35","99.5","104.88","1054.07","164.02","508.49","3100.17","0.0","0.0","0.0","0.0","0.0","0.0","234.22","153.95","657.29","200.92","113.51","564.95","91.08","19.54","214.54","91.73","72.54","790.8","3.09","2.32","750.81","0.01","0.01","1000.0","8.58","4.4","512.82","0.0","0.0","0.0","5.65","1.84","325.66","95.04","53.72","565.24","3.7","3.03","818.92","207.0","123.8","598.07","121.31","1116.77","9205.92","12.91","5.52","427.58","23.88","40.99","64.87","0.0","35.48","0.56"
"76","2011","5","Karnataka","Bijapur / Vijayapura","0.18","0.47","2611.11","71.63","56.53","789.19","6.44","13.34","2071.43","272.25","258.15","948.21","278.69","271.5","974.2","93.27","94.06","1008.47","164.19","524.06","3191.79","0.0","0.0","0.0","0.0","0.0","0.0","194.88","73.98","379.62","109.53","38.2","348.76","66.59","9.69","145.52","68.43","45.04","658.19","3.08","0.51","165.58","0.0","0.0","0.0","10.48","3.01","287.21","0.03","0.02","666.67","5.72","1.15","201.05","110.51","54.32","491.54","3.03","2.61","861.39","195.83","94.14","480.72","267.14","2259.73","8459.03","13.7","4.6","335.77","25.53","44.48","70.01","0.0","39.55","0.41"
"76","2012","5","Karnataka","Bijapur / Vijayapura","0.15","0.38","2533.33","72.99","63.04","863.68","1.71","3.14","1836.26","350.8","406.83","1159.72","352.51","409.97","1163.0","74.53","70.21","942.04","140.72","405.94","2884.74","0.0","0.0","0.0","0.0","0.0","0.0","255.62","130.82","511.78","87.15","50.9","584.05","10.29","3.04","295.43","67.59","55.29","818.02","0.29","0.04","137.93","0.0","0.0","0.0","5.21","1.94","372.36","0.0","0.0","0.0","3.87","0.57","147.29","115.27","54.37","471.68","0.29","0.22","758.62","186.75","96.41","516.25","128.74","1075.5","8354.05","13.76","5.34","388.08","24.12","31.45","55.57","0.0","27.0","0.45"
"76","2013","5","Karnataka","Bijapur / Vijayapura","0.1","0.31","3100.0","75.41","75.89","1006.37","2.71","4.76","1756.46","279.39","308.52","1104.26","282.1","313.28","1110.53","96.35","99.9","1036.84","156.53","551.0","3520.09","0.0","0.0","0.0","0.0","0.0","0.0","228.66","152.16","665.44","184.7","172.69","934.98","54.65","26.62","487.1","62.58","53.39","853.15","1.39","0.44","316.55","0.0","0.0","0.0","4.17","1.23","294.96","0.0","0.0","0.0","2.84","0.6","211.27","107.6","58.67","545.26","3.01","3.61","1199.34","177.09","107.3","605.91","131.85","1245.89","9449.3","11.38","4.91","431.46","25.23","34.28","59.49","0.0","29.83","0.18"
"76","2014","5","Karnataka","Bijapur / Vijayapura","0.08","0.23","2875.0","76.95","91.28","1186.22","0.97","1.49","1536.08","249.64","237.01","949.41","250.61","238.5","951.68","70.83","61.57","869.26","134.09","466.08","3475.87","0.0","0.0","0.0","0.0","0.0","0.0","262.89","134.66","512.23","193.46","117.45","607.1","37.64","7.79","206.96","68.69","55.54","808.56","0.49","0.12","244.9","0.0","0.0","0.0","3.52","1.33","377.84","0.0","0.0","0.0","2.63","0.63","239.54","100.37","53.75","535.52","2.51","2.4","956.18","174.62","100.81","577.31","142.73","1414.86","9912.84","18.42","7.72","419.11","27.09","35.27","62.36","0.02","29.19","0.29"
"76","2015","5","Karnataka","Bijapur / Vijayapura","0.08","0.23","2875.0","73.96","56.56","764.74","1.46","1.7","1164.38","286.14","190.08","664.29","287.59","191.78","666.85","36.06","14.4","399.33","84.51","225.9","2673.06","0.0","0.0","0.0","0.0","0.0","0.0","455.09","139.98","307.59","140.25","40.84","291.19","28.32","2.02","71.19","51.11","33.37","652.91","0.6","0.15","250.0","0.0","0.0","0.0","14.92","1.32","88.47","0.0","0.0","0.0","3.49","0.4","114.61","74.57","25.58","343.03","1.89","2.06","1086.59","146.91","0.0","0.0","137.93","1123.51","8145.45","9.54","3.26","341.72","29.09","33.72","62.81","0.01","28.39","0.44"
"76","2016","5","Karnataka","Bijapur / Vijayapura","0.03","0.09","2774.19","56.13","59.82","1065.77","0.97","1.66","1715.17","193.16","138.87","718.94","194.13","140.53","723.91","72.49","81.99","1131.15","128.67","480.53","3734.72","0.0","0.0","0.0","0.0","0.0","0.0","263.77","123.89","469.7","426.19","359.56","843.65","57.99","12.92","222.78","69.98","64.58","922.85","0.44","0.25","568.85","0.0","0.0","0.0","1.33","0.19","139.64","0.0","0.0","0.0","1.75","0.08","46.31","56.28","32.9","584.61","3.95","3.95","998.48","0.0","0.0","0.0","123.49","878.23","7111.6","11.32","5.23","462.13","28.67","36.93","65.6","0.0","31.42","0.38"
"76","2017","5","Karnataka","Bijapur / Vijayapura","0.03","0.09","2866.67","68.7","79.05","1150.69","0.35","1.08","3045.2","256.58","268.49","1046.43","256.93","269.57","1049.18","47.58","57.37","1205.75","113.44","463.19","4083.32","0.0","0.0","0.0","0.0","0.0","0.0","354.62","257.42","725.92","285.57","175.61","614.96","65.13","8.43","129.45","76.21","79.17","1038.85","0.37","0.35","946.38","0.0","0.0","0.0","2.22","1.1","496.17","0.0","0.0","0.0","1.28","0.41","321.32","50.41","50.65","1004.68","0.95","1.11","1170.71","0.0","0.0","0.0","104.12","856.53","8226.66","13.65","6.72","492.02","31.84","39.32","71.16","0.0","33.77","0.35"
"77","2000","5","Karnataka","Bidar","11.5","10.0","869.57","9.5","9.0","947.37","75.44","110.86","1469.51","32.07","13.42","418.46","107.5","124.29","1156.19","9.8","7.0","714.29","0.4","1.0","2500.0","0.0","0.0","0.0","0.0","0.0","0.0","40.9","25.0","611.25","62.5","24.0","384.0","130.7","39.0","298.39","3.0","2.0","666.67","11.9","5.0","420.17","0.0","0.0","0.0","9.5","10.0","1052.63","0.0","0.0","0.0","0.5","0.0","0.0","6.8","3.0","441.18","0.13","0.14","1076.92","38.5","21.0","545.45","30.9","208.6","6750.81","1.4","0.34","242.86","1.16","2.4","3.56","0.02","0.42","0.07"
"77","2001","5","Karnataka","Bidar","11.25","9.09","808.0","10.1","8.19","810.89","69.18","97.83","1414.14","29.11","14.35","492.96","98.29","112.17","1141.21","8.67","5.04","581.31","0.28","0.48","1714.29","0.0","0.0","0.0","0.0","0.0","0.0","41.76","27.46","657.57","64.08","24.35","379.99","136.01","50.29","369.75","2.47","1.86","753.04","9.48","2.22","234.18","0.02","0.0","0.0","11.24","16.27","1447.51","0.0","0.0","0.0","0.61","0.2","327.87","8.81","3.1","351.87","0.13","0.1","769.23","38.55","24.42","633.46","29.23","141.6","4844.34","1.84","0.28","152.17","1.53","3.09","4.62","0.06","0.57","0.1"
"77","2002","5","Karnataka","Bidar","10.11","5.71","564.79","8.84","5.98","676.47","69.19","108.6","1569.59","32.04","13.64","425.72","101.23","122.24","1207.55","8.36","6.23","745.22","0.36","0.53","1472.22","0.0","0.0","0.0","0.0","0.0","0.0","40.84","25.78","631.24","67.31","40.99","608.97","133.86","15.8","118.03","2.12","1.67","787.74","9.26","5.17","558.32","0.02","0.0","0.0","10.9","14.17","1300.0","0.0","0.0","0.0","0.57","0.2","350.88","9.22","4.08","442.52","0.38","0.32","842.11","38.49","26.3","683.29","30.94","223.41","7220.75","1.48","0.41","277.03","1.59","3.07","4.65","0.07","0.55","0.2"
"77","2003","5","Karnataka","Bidar","8.77","3.54","403.65","7.89","4.62","585.55","65.26","93.27","1429.21","30.62","8.93","291.64","95.88","102.2","1065.92","10.04","9.8","976.1","0.53","0.77","1452.83","0.0","0.0","0.0","0.0","0.0","0.0","40.56","22.83","562.87","73.79","31.97","433.26","124.97","27.43","219.49","1.73","1.31","757.23","9.68","5.52","570.25","0.01","0.0","0.0","11.05","14.51","1313.12","0.0","0.0","0.0","0.6","0.05","83.33","10.65","5.36","503.29","12.33","5.94","481.75","52.33","33.12","632.91","23.2","147.65","6364.22","1.32","0.23","174.24","1.29","2.67","3.96","0.05","0.46","0.08"
"77","2004","5","Karnataka","Bidar","8.0","3.49","436.25","7.37","4.55","617.37","63.64","78.63","1235.54","31.16","11.72","376.12","94.8","90.35","953.06","8.91","7.74","868.69","0.32","0.62","1937.5","0.0","0.0","0.0","0.0","0.0","0.0","40.5","20.94","517.04","70.1","44.29","631.81","108.43","8.22","75.81","1.53","0.82","535.95","8.16","3.75","459.56","0.01","0.0","0.0","12.16","9.82","807.57","0.0","0.0","0.0","0.54","0.11","203.7","12.28","5.32","433.22","28.18","17.64","625.98","68.97","38.14","552.99","23.48","140.51","5984.24","1.91","0.37","193.72","1.29","2.38","3.66","0.05","0.44","0.1"
"77","2005","5","Karnataka","Bidar","7.55","4.24","561.59","7.75","4.71","607.74","59.34","68.91","1161.27","29.4","10.11","343.88","88.74","79.03","890.58","9.58","6.05","631.52","0.34","0.72","2117.65","0.0","0.0","0.0","0.0","0.0","0.0","40.09","20.54","512.35","69.34","56.52","815.11","103.25","10.54","102.08","1.31","0.65","496.18","7.7","2.89","375.32","0.01","0.0","0.0","12.71","15.91","1251.77","0.0","0.0","0.0","0.48","0.16","333.33","15.04","6.4","425.53","31.88","21.65","679.11","74.91","48.32","645.04","23.37","153.16","6553.7","1.51","0.22","145.7","1.32","2.47","3.79","0.04","0.53","0.07"
"77","2006","5","Karnataka","Bidar","7.14","4.56","638.66","7.34","5.44","741.14","58.54","83.77","1430.99","26.87","13.17","490.14","85.41","96.95","1135.11","9.43","7.83","830.33","0.33","0.59","1787.88","0.0","0.0","0.0","0.0","0.0","0.0","39.96","27.43","686.44","69.19","34.9","504.41","113.46","9.27","81.7","1.37","0.7","510.95","7.71","3.88","503.24","0.02","0.0","0.0","11.74","16.02","1364.57","0.0","0.0","0.0","0.37","0.11","297.3","14.77","6.34","429.25","20.84","17.46","837.81","61.79","45.08","729.57","26.11","188.54","7220.99","1.43","0.2","139.86","1.31","2.03","3.33","0.07","0.47","0.05"
"77","2007","5","Karnataka","Bidar","6.84","4.27","624.27","6.89","8.33","1209.0","60.04","114.72","1910.73","23.49","11.37","484.04","83.53","126.09","1509.52","8.08","8.46","1047.03","0.51","1.14","2235.29","0.0","0.0","0.0","0.0","0.0","0.0","35.05","17.12","488.45","66.11","48.42","732.42","111.94","45.78","408.97","1.38","0.75","543.48","6.75","3.41","505.19","0.04","0.01","250.0","9.99","14.57","1458.46","0.0","0.0","0.0","0.3","0.12","400.0","13.2","6.27","475.0","14.78","15.24","1031.12","50.92","42.06","826.0","33.24","185.27","5573.71","1.31","0.18","137.4","1.25","1.98","3.23","0.08","0.52","0.06"
"77","2008","5","Karnataka","Bidar","5.5","4.09","743.64","19.45","19.7","1012.85","56.82","88.51","1557.73","24.15","13.4","554.87","80.97","101.91","1258.61","7.22","7.07","979.22","0.73","1.38","1890.41","0.0","0.0","0.0","0.0","0.0","0.0","38.45","21.8","566.97","62.67","50.78","810.28","99.37","10.6","106.67","1.11","0.7","630.63","5.7","2.21","387.72","0.03","0.01","333.33","10.8","13.39","1239.81","0.0","0.0","0.0","0.26","0.1","384.62","13.79","5.82","422.04","23.29","16.09","690.85","59.67","39.3","658.62","30.39","142.65","4693.98","1.38","0.22","159.42","1.39","1.87","3.26","0.1","0.48","0.05"
"77","2009","5","Karnataka","Bidar","5.04","3.86","765.87","6.39","8.52","1333.33","55.35","45.44","820.96","26.12","13.68","523.74","81.48","59.11","725.45","7.94","4.38","551.64","1.69","1.41","834.32","0.0","0.0","0.0","0.0","0.0","0.0","39.84","23.96","601.41","67.0","49.65","741.04","88.93","1.61","18.1","1.14","0.68","596.49","5.92","1.01","170.61","0.02","0.01","500.0","11.41","15.41","1350.57","0.0","0.0","0.0","0.32","0.09","281.25","9.41","3.59","381.51","33.51","7.89","235.45","65.02","29.59","455.09","29.03","180.57","6220.12","1.17","0.19","162.39","1.55","2.0","3.55","0.12","0.57","0.08"
"77","2010","5","Karnataka","Bidar","4.93","3.87","784.99","7.88","9.44","1197.97","56.03","77.93","1390.86","22.49","8.84","393.06","78.52","86.78","1105.2","6.72","4.97","739.58","1.36","4.54","3338.24","0.0","0.0","0.0","0.0","0.0","0.0","43.07","28.03","650.8","72.73","64.19","882.58","91.88","29.66","322.81","0.87","0.67","770.11","5.09","2.23","438.11","0.02","0.01","500.0","11.4","14.17","1242.98","0.0","0.0","0.0","0.29","0.1","344.83","6.18","2.19","354.37","47.43","44.88","946.24","74.17","66.68","899.02","31.3","220.03","7029.71","0.79","0.15","189.87","1.98","1.94","3.92","0.09","0.7","0.05"
"77","2011","5","Karnataka","Bidar","6.49","4.46","687.21","6.91","7.49","1083.94","53.94","86.3","1599.93","21.86","13.42","613.91","75.81","99.72","1315.39","6.41","5.65","881.44","1.53","4.68","3058.82","0.0","0.0","0.0","0.0","0.0","0.0","37.86","18.7","493.92","76.01","44.99","591.9","58.37","19.48","333.73","0.86","0.63","732.56","3.55","1.18","332.39","0.0","0.0","0.0","9.42","11.48","1218.68","0.0","0.0","0.0","0.16","0.04","250.0","5.63","2.11","374.78","81.07","84.71","1044.9","103.46","104.2","1007.15","51.01","348.94","6840.0","0.63","0.26","412.7","1.82","2.8","4.62","0.18","1.07","0.15"
"77","2012","5","Karnataka","Bidar","4.94","4.88","987.85","6.88","9.42","1369.19","44.23","82.53","1865.93","20.51","16.91","824.48","64.75","99.44","1535.75","5.11","5.77","1129.16","2.72","7.47","2746.32","0.0","0.0","0.0","0.0","0.0","0.0","47.0","37.46","797.02","68.63","82.67","1204.58","88.98","57.02","640.82","1.11","1.07","963.96","3.09","1.69","546.93","0.0","0.0","0.0","11.44","11.16","975.52","0.0","0.0","0.0","0.53","0.09","169.81","4.68","2.66","568.38","77.19","115.27","1493.33","100.24","132.25","1319.33","31.52","218.61","6935.6","0.55","0.23","418.18","2.05","3.2","5.25","0.16","0.88","0.03"
"77","2013","5","Karnataka","Bidar","3.57","5.54","1551.82","6.66","8.5","1276.28","38.0","53.35","1403.95","24.71","20.07","812.22","62.71","73.42","1170.79","2.94","3.36","1142.86","2.77","10.29","3714.8","0.0","0.0","0.0","0.0","0.0","0.0","50.94","39.73","779.94","73.27","59.31","809.47","71.58","28.76","401.79","0.94","0.68","723.4","2.55","1.17","458.82","0.16","0.05","312.5","11.51","11.73","1019.11","0.01","0.01","1000.0","0.44","0.13","295.45","4.29","1.89","440.56","109.39","174.9","1598.87","130.46","191.51","1467.96","26.49","193.77","7314.84","0.32","0.17","531.25","2.01","3.3","5.31","0.21","0.92","0.17"
"77","2014","5","Karnataka","Bidar","2.06","1.99","966.02","4.34","5.39","1241.94","24.73","29.95","1211.08","15.02","10.35","689.08","39.75","40.29","1013.58","3.72","3.74","1005.38","1.48","2.74","1851.35","0.0","0.0","0.0","0.0","0.0","0.0","25.97","14.14","544.47","65.97","44.24","670.61","54.41","14.38","264.29","0.35","0.15","428.57","2.05","0.51","248.78","0.05","0.01","200.0","6.85","6.89","1005.84","0.01","0.01","1000.0","0.15","0.05","333.33","1.98","0.8","404.04","120.02","68.53","570.99","132.58","77.31","583.12","28.87","189.22","6554.21","0.29","0.14","482.76","2.0","1.94","3.93","0.12","0.6","0.07"
"77","2015","5","Karnataka","Bidar","1.55","1.32","851.61","3.84","4.28","1114.58","23.93","27.8","1161.72","26.85","8.52","317.32","50.78","36.32","715.24","5.35","3.77","704.67","1.38","2.7","1956.52","0.0","0.0","0.0","0.0","0.0","0.0","47.06","11.53","245.01","67.45","29.8","441.81","56.72","6.08","107.22","0.3","0.08","266.67","5.72","1.46","255.24","0.01","0.0","0.0","12.04","10.95","909.47","0.0","0.0","0.0","0.13","0.02","153.85","1.14","0.23","201.75","111.32","72.86","654.55","130.94","0.0","0.0","19.42","84.86","4370.0","0.28","0.09","321.43","1.9","1.63","3.53","0.09","0.75","0.09"
"77","2016","5","Karnataka","Bidar","0.52","0.63","1198.1","4.71","6.31","1340.48","26.61","17.39","653.61","27.01","25.45","942.38","53.62","42.84","799.06","1.88","1.25","666.67","1.52","1.6","1055.37","0.0","0.0","0.0","0.0","0.0","0.0","71.79","59.47","828.4","81.61","101.49","1243.55","69.46","37.93","546.1","0.08","0.06","807.69","2.32","1.62","698.36","0.22","0.04","184.33","17.03","16.31","957.61","0.03","0.01","481.48","0.29","0.02","54.24","0.02","0.01","428.57","151.87","56.56","372.4","0.0","0.0","0.0","17.71","95.91","5415.0","0.05","0.02","377.65","1.26","1.51","2.77","0.15","0.74","0.01"
"77","2017","5","Karnataka","Bidar","1.02","1.9","1864.44","4.66","6.23","1338.63","20.33","40.2","1976.93","22.35","21.85","977.54","42.69","62.05","1453.57","2.29","3.32","1450.66","0.87","3.03","3494.81","0.0","0.0","0.0","0.0","0.0","0.0","65.42","57.43","877.8","78.68","129.91","1651.11","67.19","48.71","724.9","0.06","0.07","1078.12","1.05","1.21","1150.48","0.08","0.01","173.33","13.34","17.37","1302.47","0.01","0.01","615.38","0.16","0.06","347.56","0.01","0.0","454.55","149.03","270.84","1817.35","0.0","0.0","0.0","15.52","115.03","7410.0","0.49","0.31","629.63","1.46","1.94","3.4","0.08","0.48","0.01"
"78","2000","5","Karnataka","Raichur","215.0","699.0","3251.16","14.6","7.0","479.45","33.46","36.51","1091.15","211.25","164.41","778.27","244.7","200.92","821.09","134.8","79.0","586.05","11.9","47.0","3949.58","0.0","0.0","0.0","0.0","0.0","0.0","34.9","18.0","515.76","33.3","7.0","210.21","50.0","20.0","400.0","108.7","88.0","809.57","18.7","8.0","427.81","0.0","0.0","0.0","18.2","15.0","824.18","5.2","7.0","1346.15","1.8","1.0","555.56","124.5","50.0","401.61","0.0","0.0","0.0","279.0","169.0","605.73","1.8","16.0","8888.89","62.4","11.05","177.08","3.16","10.74","13.9","0.0","2.41","0.07"
"78","2001","5","Karnataka","Raichur","196.49","605.72","3082.7","11.92","3.74","313.76","9.61","14.61","1520.29","227.39","136.01","598.14","237.0","150.63","635.57","80.1","28.51","355.93","10.82","34.49","3187.62","0.0","0.0","0.0","0.0","0.0","0.0","53.39","26.57","497.66","21.02","4.39","208.85","42.0","8.19","195.0","87.42","72.18","825.67","16.25","5.41","332.92","0.0","0.0","0.0","21.34","18.34","859.42","2.26","0.85","376.11","1.55","0.64","412.9","139.23","64.17","460.89","0.0","0.0","0.0","270.18","161.87","599.12","1.46","11.51","7883.56","80.62","13.71","170.06","6.41","8.47","14.87","0.0","2.2","0.02"
"78","2002","5","Karnataka","Raichur","130.36","453.86","3481.59","15.46","2.88","186.29","25.33","16.32","644.3","214.5","118.04","550.3","239.83","134.36","560.23","114.26","24.39","213.46","11.6","25.71","2216.38","0.0","0.0","0.0","0.0","0.0","0.0","48.79","15.61","319.94","23.82","5.56","233.42","43.19","6.13","141.93","87.35","52.75","603.89","16.52","4.69","283.9","0.33","0.09","272.73","15.34","7.63","497.39","1.67","0.72","431.14","2.34","0.74","316.24","193.09","66.89","346.42","0.0","0.0","0.0","318.0","133.68","420.38","0.81","5.39","6654.32","36.29","4.36","120.14","4.08","10.32","14.39","0.0","2.34","0.21"
"78","2003","5","Karnataka","Raichur","122.23","392.67","3212.55","11.16","1.51","135.3","11.24","7.47","664.59","203.03","109.02","536.96","214.28","116.49","543.63","145.86","78.58","538.74","16.12","39.89","2474.57","0.0","0.0","0.0","0.0","0.0","0.0","55.29","15.97","288.84","28.56","5.45","190.83","29.91","6.19","206.95","79.97","53.33","666.88","14.74","5.84","396.2","0.03","0.01","333.33","15.6","6.23","399.36","2.6","1.47","565.38","1.94","0.15","77.32","245.41","75.61","308.1","0.0","0.0","0.0","361.47","142.8","395.05","0.01","0.05","5000.0","44.54","6.13","137.63","3.45","5.24","8.7","0.0","1.94","0.09"
"78","2004","5","Karnataka","Raichur","170.45","534.99","3138.69","12.51","5.13","410.07","25.4","18.6","732.28","175.28","102.29","583.58","200.69","120.88","602.32","148.16","66.38","448.03","17.01","46.56","2737.21","0.0","0.0","0.0","0.0","0.0","0.0","32.6","12.54","384.66","29.39","11.06","376.32","52.16","8.19","157.02","77.2","51.46","666.58","19.81","5.93","299.34","0.41","0.11","268.29","14.45","4.81","332.87","2.99","1.97","658.86","2.23","0.41","183.86","295.47","85.69","290.01","0.0","0.0","0.0","414.01","150.57","363.69","0.01","0.08","8000.0","64.41","10.14","157.43","3.88","5.49","9.37","0.0","2.39","0.14"
"78","2005","5","Karnataka","Raichur","257.05","698.79","2718.5","10.51","4.49","427.21","18.04","24.42","1353.66","150.76","124.84","828.07","168.8","149.26","884.24","162.75","170.69","1048.79","17.03","38.61","2267.18","0.0","0.0","0.0","0.0","0.0","0.0","40.27","18.94","470.33","29.21","15.25","522.08","40.07","19.5","486.65","89.28","60.1","673.16","20.94","13.66","652.34","0.0","0.0","0.0","12.95","9.18","708.88","3.75","2.78","741.33","1.83","0.64","349.73","344.99","140.2","406.39","0.0","0.0","0.0","475.42","226.77","476.99","0.0","0.03","0.0","33.62","6.17","183.52","6.28","8.05","14.32","0.0","3.49","0.19"
"78","2006","5","Karnataka","Raichur","213.97","655.51","3063.56","8.95","2.97","331.84","17.79","11.49","645.87","153.35","94.02","613.11","171.14","105.51","616.51","126.5","34.33","271.38","18.34","35.1","1913.85","0.0","0.0","0.0","0.0","0.0","0.0","81.61","33.44","409.75","24.15","6.69","277.02","35.35","3.89","110.04","71.94","40.15","558.1","11.68","2.89","247.43","0.04","0.01","250.0","11.56","6.51","563.15","2.86","2.17","758.74","1.5","0.18","120.0","314.69","72.7","231.02","0.0","0.0","0.0","415.75","124.8","300.18","0.02","0.13","6500.0","16.56","4.46","269.32","7.81","5.77","13.58","0.0","3.17","0.0"
"78","2007","5","Karnataka","Raichur","235.42","743.07","3156.36","12.04","6.51","540.7","26.37","29.25","1109.22","161.85","204.65","1264.44","188.22","233.9","1242.69","134.44","104.57","777.82","28.34","82.77","2920.61","0.0","0.0","0.0","0.0","0.0","0.0","76.41","45.18","591.28","27.36","11.33","414.11","61.53","11.68","189.83","78.45","61.18","779.86","17.19","6.74","392.09","0.0","0.0","0.0","11.81","9.65","817.1","2.51","0.93","370.52","1.71","0.56","327.49","287.36","127.17","442.55","0.0","0.0","0.0","400.4","206.41","515.51","1.31","8.42","6427.48","35.08","10.36","295.32","11.2","12.38","23.58","0.0","7.99","0.0"
"78","2008","5","Karnataka","Raichur","240.15","786.48","3274.95","1.32","0.53","401.52","11.82","11.1","939.09","137.78","153.85","1116.64","149.59","164.96","1102.75","118.21","72.13","610.19","28.24","77.61","2748.23","0.0","0.0","0.0","0.0","0.0","0.0","100.92","36.54","362.07","23.01","7.58","329.42","32.73","8.24","251.76","81.15","55.32","681.7","7.04","3.07","436.08","0.0","0.0","0.0","7.53","4.87","646.75","2.27","1.41","621.15","1.6","0.57","356.25","254.01","89.22","351.25","0.0","0.0","0.0","354.29","154.68","436.59","0.74","3.61","4878.38","37.44","15.09","403.04","11.75","9.92","21.68","0.0","3.86","0.0"
"78","2009","5","Karnataka","Raichur","250.4","737.75","2946.29","13.07","6.26","478.96","13.1","9.42","719.08","157.27","169.09","1075.16","170.38","178.51","1047.72","112.15","42.71","380.83","41.98","63.63","1515.72","0.0","0.0","0.0","0.0","0.0","0.0","138.71","57.46","414.25","23.99","6.05","252.19","35.45","7.28","205.36","87.01","51.49","591.77","13.7","1.85","135.04","0.0","0.0","0.0","7.67","3.67","478.49","2.46","0.86","349.59","2.07","0.63","304.35","215.57","48.44","224.71","0.0","0.0","0.0","330.08","107.44","325.5","0.98","3.49","3561.22","39.61","10.33","260.79","10.96","10.82","21.78","0.0","3.62","0.0"
"78","2010","5","Karnataka","Raichur","252.89","787.56","3114.24","11.72","8.69","741.47","11.39","20.17","1770.85","163.12","236.65","1450.77","174.51","256.83","1471.72","120.79","156.29","1293.9","49.2","139.53","2835.98","0.0","0.0","0.0","0.0","0.0","0.0","141.4","72.81","514.92","74.73","26.74","357.82","49.52","12.16","245.56","84.62","78.37","926.14","13.06","5.77","441.81","0.0","0.0","0.0","8.2","5.36","653.66","2.22","1.8","810.81","1.82","0.66","362.64","96.07","61.66","641.82","0.0","0.0","0.0","207.33","136.32","657.5","0.32","3.03","9468.75","48.74","15.58","319.66","10.13","11.64","21.77","0.0","3.44","0.0"
"78","2011","5","Karnataka","Raichur","218.77","660.4","3018.7","6.73","3.51","521.55","7.63","10.05","1317.17","110.07","106.49","967.48","117.7","116.55","990.23","112.09","124.09","1107.06","53.81","157.17","2920.83","0.0","0.0","0.0","0.0","0.0","0.0","102.93","37.53","364.62","53.54","15.07","281.47","32.74","1.63","49.79","79.95","61.34","767.23","10.61","3.18","299.72","0.0","0.0","0.0","3.93","2.18","554.71","1.61","1.29","801.24","0.88","0.23","261.36","91.53","49.33","538.95","0.0","0.0","0.0","189.32","104.59","552.45","2.45","22.34","9120.0","49.63","13.33","268.59","10.17","14.47","24.64","0.0","6.26","0.0"
"78","2012","5","Karnataka","Raichur","228.59","735.3","3216.68","8.87","5.12","577.23","3.15","4.56","1447.62","163.69","196.15","1198.3","166.83","200.71","1203.08","123.71","148.48","1200.23","56.56","155.89","2756.19","0.0","0.0","0.0","0.0","0.0","0.0","172.83","124.71","721.58","38.84","15.47","398.3","13.81","2.85","206.37","75.89","55.96","737.38","4.37","2.45","560.64","0.0","0.0","0.0","2.56","1.43","558.59","1.04","0.65","625.0","0.82","0.24","292.68","121.47","77.77","640.24","0.0","0.0","0.0","206.74","119.89","579.91","2.48","20.75","8366.94","62.59","34.52","551.53","9.48","14.16","23.62","0.0","6.2","0.0"
"78","2013","5","Karnataka","Raichur","254.24","836.0","3288.23","8.04","6.98","868.16","4.28","9.22","2154.21","127.04","160.64","1264.48","131.32","169.86","1293.48","110.56","156.24","1413.17","68.22","236.93","3473.03","0.0","0.0","0.0","0.0","0.0","0.0","183.98","159.7","868.03","48.51","21.78","448.98","36.86","8.81","239.01","86.14","76.14","883.91","6.41","5.76","898.6","0.0","0.0","0.0","5.36","5.09","949.63","1.33","0.84","631.58","1.07","0.38","355.14","121.19","83.14","686.03","0.0","0.0","0.0","221.67","155.23","700.28","2.94","26.24","8925.17","67.86","34.43","507.37","8.72","14.52","23.25","0.0","6.07","0.0"
"78","2014","5","Karnataka","Raichur","237.74","733.65","3085.93","7.02","8.75","1246.44","2.39","4.42","1849.37","110.69","151.63","1369.86","113.08","156.05","1380.0","97.62","122.72","1257.12","64.26","194.15","3021.32","0.0","0.0","0.0","0.0","0.0","0.0","112.13","88.82","792.12","52.16","33.4","640.34","37.7","9.94","263.66","68.02","60.6","890.91","11.51","7.07","614.25","0.0","0.0","0.0","5.47","6.42","1173.67","2.39","0.95","397.49","0.84","0.5","595.24","79.35","51.73","651.92","0.0","0.0","0.0","168.71","118.14","700.25","2.68","24.42","9111.94","127.87","63.43","496.05","7.63","22.94","30.58","0.0","5.99","0.0"
"78","2015","5","Karnataka","Raichur","166.0","527.46","3177.47","3.18","1.19","374.21","1.61","1.67","1037.27","116.21","102.94","885.81","117.82","104.6","887.79","81.23","60.05","739.26","50.81","66.79","1314.51","0.0","0.0","0.0","0.0","0.0","0.0","245.51","127.02","517.37","45.26","18.22","402.56","40.09","7.05","175.92","58.23","44.04","756.31","9.11","1.14","125.14","0.0","0.0","0.0","1.66","0.48","289.16","1.85","0.46","248.65","0.58","0.09","155.17","79.02","30.95","391.67","0.0","0.0","0.0","151.65","0.0","0.0","1.79","14.45","8075.01","73.18","26.56","362.94","6.91","18.86","25.77","0.0","8.4","0.14"
"78","2016","5","Karnataka","Raichur","169.29","631.06","3727.77","2.89","1.01","348.32","2.0","1.92","962.96","98.62","63.18","640.6","100.62","65.1","647.0","107.95","112.23","1039.72","61.32","82.65","1347.81","0.0","0.0","0.0","0.0","0.0","0.0","155.72","96.27","618.25","114.72","82.69","720.82","50.3","10.18","202.44","69.24","61.98","895.21","12.45","5.41","434.27","0.0","0.0","0.0","1.21","0.13","110.38","2.64","1.13","429.44","0.14","0.01","44.44","61.11","24.2","396.03","0.0","0.0","0.0","0.0","0.0","0.0","0.31","2.15","6934.84","50.1","32.01","638.86","7.03","16.43","23.46","0.0","9.56","0.0"
"78","2017","5","Karnataka","Raichur","167.4","546.61","3265.36","6.93","3.82","551.9","1.5","3.47","2311.13","112.82","129.8","1150.51","114.32","133.27","1165.75","118.91","197.44","1660.32","65.34","235.99","3611.91","0.0","0.0","0.0","0.0","0.0","0.0","187.46","148.33","791.3","55.44","36.92","665.89","39.96","11.27","282.08","52.35","64.8","1237.69","5.45","5.84","1071.34","0.49","0.08","166.32","2.59","1.44","553.84","0.31","0.17","561.69","0.36","0.13","367.4","45.11","35.3","782.5","0.0","0.0","0.0","0.0","0.0","0.0","1.29","12.14","9405.03","92.46","41.67","450.71","8.43","12.99","21.42","0.0","3.82","0.0"
"79","2000","5","Karnataka","Gulbarga / Kalaburagi","32.2","61.0","1894.41","31.9","24.0","752.35","17.69","17.26","975.69","308.85","219.77","711.58","326.5","237.03","725.97","86.3","77.0","892.24","2.5","6.0","2400.0","0.0","0.0","0.0","0.0","0.0","0.0","118.4","94.0","793.92","366.7","164.0","447.23","203.4","91.0","447.39","91.8","73.0","795.21","22.6","7.0","309.73","0.0","0.0","0.0","24.1","18.0","746.89","0.1","0.0","0.0","1.0","0.0","0.0","15.6","7.0","448.72","0.03","0.03","1000.0","157.7","105.0","665.82","9.7","68.0","7010.31","10.6","4.76","449.06","5.68","7.15","12.83","0.0","3.0","0.24"
"79","2001","5","Karnataka","Gulbarga / Kalaburagi","41.63","65.55","1574.59","29.46","17.46","592.67","13.1","11.99","915.27","350.26","264.86","756.18","363.36","276.86","761.94","59.72","41.75","699.1","2.04","5.03","2465.69","0.0","0.0","0.0","0.0","0.0","0.0","155.66","121.55","780.87","318.25","81.33","255.55","152.82","39.92","261.22","63.8","50.19","786.68","16.61","4.94","297.41","0.0","0.0","0.0","21.11","16.39","776.41","0.07","0.05","714.29","1.08","0.36","333.33","50.03","22.45","448.73","0.02","0.01","500.0","154.41","94.59","612.59","7.86","57.5","7315.52","28.39","9.15","322.3","6.8","7.65","14.45","0.0","3.49","0.24"
"79","2002","5","Karnataka","Gulbarga / Kalaburagi","47.61","101.51","2132.12","20.39","9.76","478.67","8.49","8.07","950.53","308.95","239.69","775.82","317.44","247.76","780.49","60.13","45.77","761.18","2.2","4.67","2122.73","0.0","0.0","0.0","0.0","0.0","0.0","134.52","103.35","768.29","335.65","161.67","481.66","161.11","17.62","109.37","64.19","62.94","980.53","13.49","4.89","362.49","0.1","0.03","300.0","19.1","13.83","724.08","0.03","0.03","1000.0","0.79","0.28","354.43","132.92","81.13","610.37","0.02","0.02","1000.0","231.67","163.26","704.71","8.23","41.43","5034.02","16.44","7.35","447.08","6.39","5.6","11.99","0.0","2.4","0.19"
"79","2003","5","Karnataka","Gulbarga / Kalaburagi","65.69","189.42","2883.54","17.52","7.7","439.5","7.14","7.27","1018.21","285.81","165.16","577.87","292.95","172.43","588.6","72.38","52.14","720.36","2.57","5.53","2151.75","0.0","0.0","0.0","0.0","0.0","0.0","136.03","82.45","606.12","349.89","136.62","390.47","169.09","38.58","228.16","60.95","49.99","820.18","14.53","8.25","567.79","0.14","0.04","285.71","17.81","8.36","469.4","0.05","0.05","1000.0","0.49","0.04","81.63","159.19","78.3","491.87","0.18","0.09","500.0","255.37","145.36","569.21","5.72","18.49","3232.52","17.3","8.26","477.46","5.39","5.02","10.41","0.0","1.8","0.09"
"79","2004","5","Karnataka","Gulbarga / Kalaburagi","77.41","252.18","3257.72","16.52","11.49","695.52","7.03","6.56","933.14","285.1","206.55","724.48","292.13","213.11","729.5","68.82","54.24","788.14","2.29","8.42","3676.86","0.0","0.0","0.0","0.0","0.0","0.0","124.03","86.31","695.88","345.72","177.36","513.02","156.81","28.65","182.71","59.05","41.02","694.67","17.03","5.69","334.12","0.09","0.03","333.33","15.37","6.57","427.46","0.07","0.06","857.14","0.57","0.12","210.53","173.87","68.39","393.34","0.21","0.13","619.05","268.19","122.23","455.76","4.4","20.92","4754.55","27.88","12.57","450.86","4.77","5.41","10.18","0.0","1.92","0.14"
"79","2005","5","Karnataka","Gulbarga / Kalaburagi","90.14","249.49","2767.81","19.88","15.0","754.53","6.25","6.66","1065.6","278.01","252.17","907.05","284.25","258.83","910.57","72.67","70.44","969.31","4.6","13.05","2836.96","0.01","0.01","1000.0","0.0","0.0","0.0","112.8","83.28","738.3","382.77","273.45","714.4","122.57","35.7","291.26","60.55","49.01","809.41","16.83","12.98","771.24","0.26","0.07","269.23","15.59","10.88","697.88","0.33","0.35","1060.61","0.65","0.22","338.46","176.93","76.01","429.6","0.83","0.46","554.22","273.61","150.17","548.85","4.49","27.32","6084.63","28.77","17.64","613.14","4.74","6.44","11.18","0.01","2.85","0.32"
"79","2006","5","Karnataka","Gulbarga / Kalaburagi","87.24","188.81","2164.26","17.99","12.67","704.28","6.24","5.69","911.86","282.32","222.42","787.83","288.56","228.12","790.55","65.64","43.05","655.85","2.4","4.33","1804.17","0.0","0.0","0.0","0.0","0.0","0.0","147.5","81.57","553.02","382.52","163.53","427.51","170.36","22.75","133.54","52.28","24.57","469.97","17.68","6.77","382.92","0.01","0.0","0.0","12.79","8.42","658.33","0.18","0.14","777.78","0.69","0.21","304.35","119.35","34.08","285.55","0.72","0.54","750.0","205.18","74.9","365.05","5.33","32.41","6080.68","23.58","14.46","613.23","4.3","4.73","9.02","0.02","2.35","0.18"
"79","2007","5","Karnataka","Gulbarga / Kalaburagi","90.81","223.25","2458.43","17.94","17.28","963.21","7.79","9.06","1163.03","246.05","245.32","997.03","253.84","254.38","1002.13","61.87","48.53","784.39","2.68","6.87","2563.43","0.0","0.0","0.0","0.0","0.0","0.0","138.39","94.32","681.55","429.59","302.82","704.9","196.27","66.33","337.95","52.26","39.45","754.88","17.79","9.31","523.33","0.01","0.0","0.0","11.34","7.73","681.66","0.09","0.06","666.67","0.4","0.16","400.0","106.52","48.34","453.81","0.42","0.34","809.52","190.43","105.8","555.58","20.74","80.24","3868.85","26.01","18.06","694.35","4.57","4.97","9.54","0.05","2.87","0.22"
"79","2008","5","Karnataka","Gulbarga / Kalaburagi","92.74","216.61","2335.67","0.02","0.02","1000.0","7.04","10.78","1531.25","298.93","301.72","1009.33","305.97","312.49","1021.31","52.7","41.96","796.2","5.94","14.16","2383.84","0.0","0.0","0.0","0.0","0.0","0.0","181.77","113.62","625.08","379.77","187.61","494.01","106.3","35.88","337.54","41.33","26.75","647.23","7.68","2.31","300.78","0.02","0.01","500.0","14.36","9.1","633.7","0.08","0.08","1000.0","0.61","0.23","377.05","134.37","52.02","387.14","1.06","0.73","688.68","200.72","91.63","456.51","15.34","40.75","2656.45","50.98","31.58","619.46","4.63","4.3","8.93","0.01","2.45","0.04"
"79","2009","5","Karnataka","Gulbarga / Kalaburagi","79.47","180.69","2273.69","24.57","26.29","1070.0","6.76","5.18","766.27","312.23","308.73","988.79","318.99","313.91","984.07","36.23","20.68","570.8","6.35","7.14","1124.41","0.0","0.0","0.0","0.0","0.0","0.0","233.13","169.98","729.12","336.85","153.29","455.07","136.33","4.85","35.58","60.04","38.82","646.57","12.11","1.29","106.52","0.03","0.01","333.33","14.68","10.95","745.91","0.13","0.08","615.38","0.75","0.22","293.33","114.96","31.3","272.27","1.85","0.19","102.7","205.54","83.04","404.01","18.94","76.35","4031.15","23.5","9.43","401.28","5.56","4.19","9.75","0.01","2.33","0.02"
"79","2010","5","Karnataka","Gulbarga / Kalaburagi","100.31","205.31","2046.76","19.5","27.02","1385.64","3.83","4.15","1083.55","265.69","240.12","903.76","269.52","244.26","906.28","42.92","36.07","840.4","8.53","15.91","1865.18","0.0","0.0","0.0","0.0","0.0","0.0","235.86","166.86","707.45","445.28","256.28","575.55","147.35","54.55","370.21","42.48","29.78","701.04","16.0","5.34","333.75","0.02","0.01","500.0","10.93","6.6","603.84","0.09","0.08","888.89","0.57","0.2","350.88","43.85","17.16","391.33","0.38","0.14","368.42","115.42","54.53","472.45","11.03","64.38","5836.81","47.08","21.92","465.59","6.23","4.1","10.33","0.01","1.99","0.15"
"79","2011","5","Karnataka","Gulbarga / Kalaburagi","73.06","139.12","1904.19","18.2","27.19","1493.96","2.92","3.56","1219.18","255.35","238.98","935.89","258.27","242.54","939.09","39.79","29.89","751.19","7.44","16.83","2262.1","0.0","0.0","0.0","0.0","0.0","0.0","179.37","123.06","686.07","448.04","210.78","470.45","87.25","23.38","267.97","35.23","23.06","654.56","6.15","2.6","422.76","0.0","0.0","0.0","6.86","4.78","696.79","0.14","0.12","857.14","0.42","0.09","214.29","49.54","20.16","406.94","0.87","0.32","367.82","100.52","50.02","497.61","30.7","128.23","4176.18","88.4","40.02","452.71","6.65","5.16","11.8","0.1","2.59","0.05"
"79","2012","5","Karnataka","Gulbarga / Kalaburagi","67.09","90.94","1355.49","12.37","15.66","1265.97","4.23","5.19","1226.95","254.49","276.58","1086.8","258.73","281.78","1089.09","36.75","35.94","977.96","6.45","18.06","2800.0","0.0","0.0","0.0","0.0","0.0","0.0","174.7","138.47","792.62","401.89","285.13","709.47","80.98","33.34","411.71","37.38","36.16","967.36","5.82","2.66","457.04","0.0","0.0","0.0","6.03","5.29","877.28","0.04","0.03","750.0","0.26","0.05","192.31","55.23","26.86","486.33","4.51","3.42","758.31","109.66","62.68","571.58","15.97","82.91","5191.61","99.23","49.31","496.93","5.64","3.7","9.34","0.03","1.66","0.04"
"79","2013","5","Karnataka","Gulbarga / Kalaburagi","74.68","147.94","1980.99","14.03","24.03","1712.76","4.04","4.9","1212.87","283.42","364.37","1285.62","287.46","369.28","1284.63","34.55","40.4","1169.32","6.25","16.46","2633.6","0.0","0.0","0.0","0.0","0.0","0.0","184.75","164.44","890.07","452.2","461.18","1019.86","94.73","29.98","316.48","45.2","34.48","762.83","5.56","3.23","580.94","0.0","0.0","0.0","5.55","6.1","1099.1","0.16","0.14","875.0","0.22","0.06","272.73","59.04","33.89","574.02","6.05","8.33","1376.86","125.23","89.08","711.33","28.81","178.6","6199.24","127.77","117.25","917.66","5.22","4.12","9.34","0.0","2.18","0.06"
"79","2014","5","Karnataka","Gulbarga / Kalaburagi","87.77","225.47","2568.87","15.23","24.89","1634.27","2.07","2.17","1048.31","278.72","319.65","1146.85","280.78","321.83","1146.2","31.8","33.77","1061.95","6.33","16.15","2551.34","0.0","0.0","0.0","0.0","0.0","0.0","202.05","167.51","829.05","360.25","238.41","661.79","51.31","35.48","691.48","47.46","29.52","622.0","4.57","2.31","505.47","0.11","0.02","181.82","3.76","2.71","720.74","0.13","0.08","615.38","0.34","0.1","294.12","46.98","25.97","552.79","21.7","13.17","606.91","125.46","78.58","626.34","46.36","310.46","6696.72","186.51","126.14","676.32","5.24","4.45","9.7","0.05","2.01","0.06"
"79","2015","5","Karnataka","Gulbarga / Kalaburagi","53.56","108.01","2016.62","9.48","9.5","1002.11","1.87","1.71","914.44","238.96","149.07","623.83","240.83","150.79","626.13","20.5","14.37","700.98","3.6","4.95","1375.0","0.0","0.0","0.0","0.0","0.0","0.0","224.88","94.53","420.36","340.93","118.66","348.05","93.35","19.76","211.7","42.66","19.03","446.09","3.59","1.05","292.48","0.0","0.0","0.0","4.94","2.0","404.86","0.03","0.01","333.33","0.26","0.03","115.38","45.24","9.09","200.93","7.22","5.04","698.28","104.74","0.0","0.0","29.39","125.96","4285.21","150.74","54.25","359.89","5.01","3.83","8.84","0.1","1.5","0.1"
"79","2016","5","Karnataka","Gulbarga / Kalaburagi","96.88","322.59","3329.87","9.41","18.73","1990.86","1.44","1.7","1181.57","239.11","353.37","1477.85","240.56","355.08","1476.08","29.99","31.95","1065.25","5.1","9.5","1860.53","0.0","0.0","0.0","0.0","0.0","0.0","200.27","230.37","1150.31","480.89","618.53","1286.23","118.01","49.91","422.93","58.8","54.72","930.69","9.29","8.08","869.9","0.0","0.0","0.0","3.12","2.97","952.2","0.03","0.02","484.85","0.23","0.01","55.79","19.54","8.15","417.05","19.83","16.56","835.03","0.0","0.0","0.0","29.37","114.58","3900.86","75.84","37.96","500.57","10.74","8.61","19.34","0.09","2.86","0.37"
"79","2017","5","Karnataka","Gulbarga / Kalaburagi","113.28","362.88","3203.49","11.07","23.02","2078.92","0.76","2.08","2733.6","250.74","338.64","1350.54","251.51","340.72","1354.73","21.16","42.41","2004.68","2.28","8.46","3711.84","0.0","0.0","0.0","0.0","0.0","0.0","226.66","246.02","1085.41","386.84","436.87","1129.31","161.23","97.94","607.47","57.17","63.26","1106.62","6.1","9.84","1612.06","0.0","0.0","0.0","2.01","1.8","893.74","0.01","0.01","666.67","0.02","0.01","347.83","10.92","12.48","1143.03","13.35","26.13","1957.02","0.0","0.0","0.0","2.22","18.3","8245.61","123.77","130.31","1052.86","9.05","11.52","20.57","0.14","3.9","0.06"
"80","2000","5","Karnataka","Dakshina Kannada","130.1","264.0","2029.21","0.0","0.0","0.0","0.0","0.0","0.0","0.0","0.0","0.0","0.0","0.0","0.0","0.0","0.0","0.0","0.0","0.0","0.0","0.0","0.0","0.0","0.0","0.0","0.0","0.0","0.0","0.0","0.0","0.0","0.0","15.1","6.0","397.35","2.7","4.0","1481.48","0.7","0.0","0.0","0.0","0.0","0.0","0.0","0.0","0.0","0.0","0.0","0.0","0.0","0.0","0.0","0.0","0.0","0.0","0.0","0.0","0.0","3.4","4.0","1176.47","1.7","16.3","9588.24","0.0","0.0","0.0","56.69","6.29","62.98","0.0","0.01","0.67"
"80","2001","5","Karnataka","Dakshina Kannada","127.62","274.29","2149.27","0.0","0.0","0.0","0.0","0.0","0.0","0.0","0.0","0.0","0.0","0.0","0.0","0.0","0.0","0.0","0.0","0.0","0.0","0.0","0.0","0.0","0.0","0.0","0.0","0.0","0.0","0.0","0.0","0.0","0.0","13.92","5.45","391.52","2.31","4.25","1839.83","0.71","0.27","380.28","0.0","0.0","0.0","0.0","0.0","0.0","0.0","0.0","0.0","0.0","0.0","0.0","0.0","0.0","0.0","0.0","0.0","0.0","3.02","4.51","1493.38","1.31","10.58","8076.34","0.0","0.0","0.0","57.89","6.41","64.3","0.0","0.01","0.67"
"80","2002","5","Karnataka","Dakshina Kannada","123.04","259.82","2111.67","0.0","0.0","0.0","0.0","0.0","0.0","0.0","0.0","0.0","0.0","0.0","0.0","0.0","0.0","0.0","0.0","0.0","0.0","0.0","0.0","0.0","0.0","0.0","0.0","0.0","0.0","0.0","0.0","0.0","0.0","12.5","3.0","240.0","2.19","3.29","1502.28","0.65","0.26","400.0","0.0","0.0","0.0","0.0","0.0","0.0","0.0","0.0","0.0","0.0","0.0","0.0","0.0","0.0","0.0","0.0","0.0","0.0","2.84","3.55","1250.0","0.55","4.59","8345.45","0.0","0.0","0.0","59.17","6.17","65.34","0.0","0.01","0.63"
"80","2003","5","Karnataka","Dakshina Kannada","121.2","317.85","2622.52","0.0","0.0","0.0","0.0","0.0","0.0","0.0","0.0","0.0","0.0","0.0","0.0","0.0","0.0","0.0","0.0","0.0","0.0","0.0","0.0","0.0","0.0","0.0","0.0","0.0","0.0","0.0","0.0","0.0","0.0","11.13","5.67","509.43","2.0","3.14","1570.0","0.55","0.24","436.36","0.0","0.0","0.0","0.0","0.0","0.0","0.0","0.0","0.0","0.0","0.0","0.0","0.0","0.0","0.0","0.0","0.0","0.0","2.54","3.37","1326.77","0.05","0.34","6800.0","0.0","0.0","0.0","59.61","5.99","65.6","0.0","0.0","0.62"
"80","2004","5","Karnataka","Dakshina Kannada","121.13","318.84","2632.21","0.0","0.0","0.0","0.0","0.0","0.0","0.0","0.0","0.0","0.0","0.0","0.0","0.0","0.0","0.0","0.0","0.0","0.0","0.0","0.0","0.0","0.0","0.0","0.0","0.0","0.0","0.0","0.0","0.0","0.0","10.8","2.35","217.59","2.01","3.42","1701.49","0.58","0.31","534.48","0.0","0.0","0.0","0.0","0.0","0.0","0.0","0.0","0.0","0.0","0.0","0.0","0.0","0.0","0.0","0.0","0.0","0.0","2.59","3.73","1440.15","0.08","0.61","7625.0","0.0","0.0","0.0","60.07","5.7","65.76","0.0","0.0","0.61"
"80","2005","5","Karnataka","Dakshina Kannada","119.4","285.86","2394.14","0.0","0.0","0.0","0.0","0.0","0.0","0.0","0.0","0.0","0.0","0.0","0.0","0.0","0.0","0.0","0.03","0.12","4000.0","0.0","0.0","0.0","0.0","0.0","0.0","0.01","0.01","1000.0","0.0","0.0","0.0","11.3","5.17","457.52","2.03","3.9","1921.18","0.68","0.59","867.65","0.02","0.01","500.0","0.0","0.0","0.0","0.0","0.0","0.0","0.0","0.0","0.0","0.0","0.0","0.0","0.0","0.0","0.0","2.73","4.5","1648.35","0.01","0.1","10000.0","0.0","0.0","0.0","60.08","5.07","65.16","0.0","0.0","0.61"
"80","2006","5","Karnataka","Dakshina Kannada","119.19","292.41","2453.31","0.0","0.0","0.0","0.0","0.0","0.0","0.0","0.0","0.0","0.0","0.0","0.0","0.0","0.0","0.0","0.04","0.11","2750.0","0.0","0.0","0.0","0.0","0.0","0.0","0.0","0.0","0.0","0.0","0.0","0.0","11.8","5.97","505.93","2.04","4.02","1970.59","0.7","0.41","585.71","0.02","0.01","500.0","0.0","0.0","0.0","0.0","0.0","0.0","0.0","0.0","0.0","0.01","0.0","0.0","0.0","0.0","0.0","2.76","4.43","1605.07","0.03","0.25","8333.33","0.0","0.0","0.0","60.63","4.37","65.01","0.0","0.0","0.5"
"80","2007","5","Karnataka","Dakshina Kannada","117.95","275.29","2333.96","0.0","0.0","0.0","0.0","0.0","0.0","0.0","0.0","0.0","0.0","0.0","0.0","0.0","0.0","0.0","0.03","0.1","3333.33","0.0","0.0","0.0","0.0","0.0","0.0","0.0","0.0","0.0","0.0","0.0","0.0","11.41","4.89","428.57","2.07","4.28","2067.63","0.7","0.39","557.14","0.0","0.0","0.0","0.0","0.0","0.0","0.0","0.0","0.0","0.0","0.0","0.0","0.0","0.0","0.0","0.0","0.0","0.0","2.77","4.67","1685.92","0.02","0.06","3000.0","0.0","0.0","0.0","61.07","3.57","64.63","0.0","0.0","0.49"
"80","2008","5","Karnataka","Dakshina Kannada","116.88","274.39","2347.62","3.92","7.04","1795.92","0.0","0.0","0.0","0.0","0.0","0.0","0.0","0.0","0.0","0.0","0.0","0.0","0.06","0.16","2666.67","0.0","0.0","0.0","0.0","0.0","0.0","0.0","0.0","0.0","0.0","0.0","0.0","11.47","5.12","446.38","2.13","4.17","1957.75","0.72","0.36","500.0","0.0","0.0","0.0","0.0","0.0","0.0","0.0","0.0","0.0","0.0","0.0","0.0","0.0","0.0","0.0","0.0","0.0","0.0","2.85","4.53","1589.47","0.04","0.25","6250.0","0.0","0.0","0.0","61.45","3.64","65.09","0.0","0.0","0.51"
"80","2009","5","Karnataka","Dakshina Kannada","112.41","262.34","2333.78","0.0","0.0","0.0","0.0","0.0","0.0","0.0","0.0","0.0","0.0","0.0","0.0","0.0","0.0","0.0","0.03","0.05","1666.67","0.0","0.0","0.0","0.0","0.0","0.0","0.0","0.0","0.0","0.0","0.0","0.0","9.4","3.72","395.74","2.09","4.48","2143.54","0.67","0.28","417.91","0.0","0.0","0.0","0.0","0.0","0.0","0.0","0.0","0.0","0.0","0.0","0.0","0.0","0.0","0.0","0.0","0.0","0.0","2.76","4.76","1724.64","0.15","0.69","4600.0","0.0","0.0","0.0","61.34","3.58","64.91","0.0","0.0","0.53"
"80","2010","5","Karnataka","Dakshina Kannada","110.97","261.18","2353.61","0.0","0.0","0.0","0.0","0.0","0.0","0.0","0.0","0.0","0.0","0.0","0.0","0.0","0.0","0.0","0.02","0.06","3000.0","0.0","0.0","0.0","0.0","0.0","0.0","0.0","0.0","0.0","0.0","0.0","0.0","8.56","3.8","443.93","2.06","4.1","1990.29","0.67","0.39","582.09","0.0","0.0","0.0","0.0","0.0","0.0","0.0","0.0","0.0","0.0","0.0","0.0","0.0","0.0","0.0","0.0","0.0","0.0","2.73","4.08","1494.51","0.09","0.79","8777.78","0.0","0.0","0.0","60.3","3.42","63.72","0.0","0.0","0.53"
"80","2011","5","Karnataka","Dakshina Kannada","110.5","268.07","2425.97","0.0","0.0","0.0","0.0","0.0","0.0","0.0","0.0","0.0","0.0","0.0","0.0","0.0","0.0","0.0","0.04","0.12","3000.0","0.0","0.0","0.0","0.0","0.0","0.0","0.0","0.0","0.0","0.0","0.0","0.0","8.65","4.26","492.49","2.05","1.69","824.39","1.1","0.67","609.09","0.0","0.0","0.0","0.0","0.0","0.0","0.0","0.0","0.0","0.0","0.0","0.0","0.0","0.0","0.0","0.0","0.0","0.0","2.7","5.19","1922.22","0.15","1.37","9120.0","0.0","0.0","0.0","60.22","3.26","63.48","0.0","0.0","0.51"
"80","2012","5","Karnataka","Dakshina Kannada","105.81","268.86","2540.97","0.0","0.0","0.0","0.0","0.0","0.0","0.0","0.0","0.0","0.0","0.0","0.0","0.0","0.0","0.0","0.03","0.1","3333.33","0.0","0.0","0.0","0.0","0.0","0.0","0.0","0.0","0.0","0.0","0.0","0.0","7.51","3.67","488.68","1.87","2.82","1508.02","0.0","0.0","0.0","0.0","0.0","0.0","0.0","0.0","0.0","0.0","0.0","0.0","0.0","0.0","0.0","0.0","0.0","0.0","0.0","0.0","0.0","2.49","2.95","1184.74","0.1","0.76","7600.0","0.0","0.0","0.0","59.54","3.14","62.68","0.0","0.0","0.5"
"80","2013","5","Karnataka","Dakshina Kannada","106.93","288.23","2695.5","0.0","0.0","0.0","0.0","0.0","0.0","0.0","0.0","0.0","0.0","0.0","0.0","0.0","0.0","0.0","0.05","0.17","3400.0","0.0","0.0","0.0","0.0","0.0","0.0","0.0","0.0","0.0","0.0","0.0","0.0","7.29","3.84","526.75","1.84","3.47","1885.87","0.0","0.0","0.0","0.0","0.0","0.0","0.0","0.0","0.0","0.0","0.0","0.0","0.0","0.0","0.0","0.0","0.0","0.0","0.0","0.0","0.0","2.43","3.61","1485.6","0.08","0.63","7875.0","0.0","0.0","0.0","59.82","3.09","62.91","0.0","0.0","0.46"
"80","2014","5","Karnataka","Dakshina Kannada","101.9","270.35","2653.09","0.0","0.0","0.0","0.0","0.0","0.0","0.0","0.0","0.0","0.0","0.0","0.0","0.0","0.0","0.0","0.03","0.1","3333.33","0.0","0.0","0.0","0.0","0.0","0.0","0.0","0.0","0.0","0.0","0.0","0.0","6.92","3.11","449.42","1.8","3.65","2027.78","0.0","0.0","0.0","0.0","0.0","0.0","0.0","0.0","0.0","0.0","0.0","0.0","0.0","0.0","0.0","0.0","0.0","0.0","0.0","0.0","0.0","2.27","3.83","1687.22","0.05","0.47","9400.0","0.0","0.0","0.0","61.61","3.51","65.13","0.0","0.0","0.46"
"80","2015","5","Karnataka","Dakshina Kannada","98.3","253.36","2577.42","0.0","0.0","0.0","0.0","0.0","0.0","0.0","0.0","0.0","0.0","0.0","0.0","0.0","0.0","0.0","0.01","0.02","2000.0","0.0","0.0","0.0","0.0","0.0","0.0","0.0","0.0","0.0","0.0","0.0","0.0","7.66","3.02","394.73","1.82","3.96","2175.82","0.0","0.0","0.0","0.0","0.0","0.0","0.0","0.0","0.0","0.0","0.0","0.0","0.0","0.0","0.0","0.0","0.0","0.0","0.0","0.0","0.0","2.26","0.0","0.0","0.02","0.17","8076.19","0.0","0.0","0.0","61.74","3.61","65.35","0.0","0.0","0.27"
"80","2016","5","Karnataka","Dakshina Kannada","87.13","247.02","2835.18","0.0","0.0","0.0","0.0","0.0","0.0","0.0","0.0","0.0","0.0","0.0","0.0","0.0","0.0","0.0","0.0","0.01","3000.0","0.0","0.0","0.0","0.0","0.0","0.0","0.0","0.0","0.0","0.0","0.0","0.0","4.69","1.96","417.66","1.67","4.02","2401.67","0.01","0.0","625.0","0.0","0.0","0.0","0.0","0.0","0.0","0.0","0.0","0.0","0.0","0.0","0.0","0.0","0.0","0.0","0.0","0.0","0.0","0.0","0.0","0.0","0.02","0.17","6937.5","0.0","0.0","0.0","62.19","3.64","65.83","0.0","0.0","0.04"
"80","2017","5","Karnataka","Dakshina Kannada","80.26","233.13","2904.74","0.0","0.0","0.0","0.0","0.0","0.0","0.0","0.0","0.0","0.0","0.0","0.0","0.0","0.0","0.0","0.01","0.02","3833.33","0.0","0.0","0.0","0.0","0.0","0.0","0.0","0.0","0.0","0.0","0.0","0.0","4.18","1.79","428.81","1.77","4.13","2329.2","0.31","0.27","877.81","0.0","0.0","0.0","0.0","0.0","0.0","0.0","0.0","0.0","0.0","0.0","0.0","0.0","0.0","0.0","0.0","0.0","0.0","0.0","0.0","0.0","0.01","0.1","9409.09","0.0","0.0","0.0","63.73","3.59","67.32","0.0","0.0","0.04"
"81","2000","5","Karnataka","Uttara Kannada","90.5","158.0","1745.86","0.0","0.0","0.0","0.14","0.15","1071.43","0.06","0.03","500.0","0.2","0.18","900.0","0.0","0.0","0.0","0.2","1.0","5000.0","0.1","0.0","0.0","0.0","0.0","0.0","0.1","0.0","0.0","0.1","0.0","0.0","4.9","2.0","408.16","3.7","5.0","1351.35","0.0","0.0","0.0","0.0","0.0","0.0","0.0","0.0","0.0","0.0","0.0","0.0","0.0","0.0","0.0","0.1","0.0","0.0","0.0","0.0","0.0","3.7","5.0","1351.35","1.4","12.7","9071.43","5.9","2.04","345.76","4.97","0.44","5.4","0.0","0.08","1.2"
"81","2001","5","Karnataka","Uttara Kannada","85.01","94.52","1111.87","0.0","0.0","0.0","0.11","0.09","818.18","0.0","0.0","0.0","0.11","0.1","909.09","0.0","0.0","0.0","0.06","0.11","1833.33","0.06","0.07","1166.67","0.0","0.0","0.0","0.02","0.01","500.0","0.14","0.04","285.71","2.14","0.77","359.81","2.61","4.8","1839.08","0.01","0.0","0.0","0.0","0.0","0.0","0.0","0.0","0.0","0.0","0.0","0.0","0.01","0.0","0.0","0.03","0.02","666.67","0.0","0.0","0.0","3.3","5.19","1572.73","1.36","10.97","8066.18","5.79","1.71","295.34","5.41","0.38","5.79","0.0","0.08","1.25"
"81","2002","5","Karnataka","Uttara Kannada","86.14","103.59","1202.58","0.0","0.0","0.0","0.09","0.04","444.44","0.01","0.01","1000.0","0.1","0.05","500.0","0.0","0.0","0.0","0.12","0.18","1500.0","0.05","0.03","600.0","0.0","0.0","0.0","0.01","0.01","1000.0","0.2","0.09","450.0","2.29","0.37","161.57","3.49","5.47","1567.34","0.01","0.0","0.0","0.0","0.0","0.0","0.0","0.0","0.0","0.0","0.0","0.0","0.02","0.01","500.0","0.02","0.01","500.0","0.0","0.0","0.0","3.53","5.49","1555.24","1.03","6.48","6291.26","5.97","1.41","236.18","5.68","0.32","6.0","0.0","0.07","0.05"
"81","2003","5","Karnataka","Uttara Kannada","83.57","137.73","1648.08","0.0","0.0","0.0","0.09","0.05","555.56","0.02","0.01","500.0","0.11","0.06","545.45","0.0","0.0","0.0","0.71","1.05","1478.87","0.05","0.05","1000.0","0.0","0.0","0.0","0.01","0.0","0.0","0.14","0.05","357.14","2.03","0.68","334.98","3.64","4.94","1357.14","0.01","0.0","0.0","0.0","0.0","0.0","0.0","0.0","0.0","0.0","0.0","0.0","0.01","0.0","0.0","0.03","0.02","666.67","0.27","0.12","444.44","3.68","4.96","1347.83","0.89","5.85","6573.03","6.25","2.47","395.2","5.94","0.33","6.27","0.0","0.08","0.11"
"81","2004","5","Karnataka","Uttara Kannada","82.2","150.98","1836.74","0.0","0.0","0.0","0.28","0.4","1428.57","0.01","0.0","0.0","0.29","0.4","1379.31","0.0","0.0","0.0","1.13","2.89","2557.52","0.05","0.05","1000.0","0.0","0.0","0.0","0.01","0.0","0.0","0.16","0.08","500.0","2.23","0.59","264.57","3.57","5.43","1521.01","0.01","0.0","0.0","0.0","0.0","0.0","0.0","0.0","0.0","0.0","0.0","0.0","0.01","0.0","0.0","0.03","0.03","1000.0","0.0","0.0","0.0","3.62","5.46","1508.29","0.87","6.79","7804.6","7.25","1.73","238.62","6.21","0.35","6.56","0.0","0.08","0.11"
"81","2005","5","Karnataka","Uttara Kannada","82.31","166.65","2024.66","0.0","0.0","0.0","0.23","0.33","1434.78","0.01","0.01","1000.0","0.24","0.33","1375.0","0.0","0.0","0.0","1.93","4.5","2331.61","0.03","0.04","1333.33","0.0","0.0","0.0","0.02","0.01","500.0","0.11","0.07","636.36","2.4","0.78","325.0","3.43","4.84","1411.08","0.0","0.0","0.0","0.0","0.0","0.0","0.0","0.0","0.0","0.0","0.0","0.0","0.0","0.0","0.0","0.1","0.09","900.0","0.31","0.17","548.39","3.84","5.11","1330.73","1.03","9.09","8825.24","8.18","1.01","123.47","6.92","0.3","7.23","0.0","0.07","0.19"
"81","2006","5","Karnataka","Uttara Kannada","81.18","163.02","2008.13","0.0","0.0","0.0","0.13","0.14","1076.92","0.0","0.0","0.0","0.14","0.14","1000.0","0.0","0.0","0.0","2.04","1.73","848.04","0.02","0.02","1000.0","0.0","0.0","0.0","0.01","0.01","1000.0","0.09","0.04","444.44","2.26","0.78","345.13","3.23","4.45","1377.71","0.0","0.0","0.0","0.0","0.0","0.0","0.0","0.0","0.0","0.0","0.0","0.0","0.0","0.0","0.0","0.13","0.1","769.23","0.18","0.14","777.78","3.55","4.7","1323.94","1.25","10.9","8720.0","8.34","0.73","87.53","7.3","0.29","7.58","0.0","0.07","0.19"
"81","2007","5","Karnataka","Uttara Kannada","80.98","163.29","2016.42","0.0","0.0","0.0","0.08","0.13","1625.0","0.01","0.01","1000.0","0.09","0.14","1555.56","0.0","0.0","0.0","2.93","8.72","2976.11","0.03","0.04","1333.33","0.0","0.0","0.0","0.02","0.01","500.0","0.08","0.05","625.0","2.23","1.18","529.15","3.08","4.93","1600.65","0.0","0.0","0.0","0.0","0.0","0.0","0.0","0.0","0.0","0.0","0.0","0.0","0.0","0.0","0.0","0.17","0.15","882.35","0.03","0.01","333.33","3.39","5.18","1528.02","1.47","12.55","8537.41","5.6","0.94","167.86","7.26","0.29","7.54","0.0","0.08","0.16"
"81","2008","5","Karnataka","Uttara Kannada","80.49","122.44","1521.18","0.0","0.0","0.0","0.06","0.09","1500.0","0.0","0.0","0.0","0.07","0.09","1285.71","0.0","0.0","0.0","3.33","14.24","4276.28","0.03","0.02","666.67","0.0","0.0","0.0","0.01","0.01","1000.0","0.07","0.04","571.43","2.03","0.63","310.34","2.95","4.14","1403.39","0.0","0.0","0.0","0.0","0.0","0.0","0.0","0.0","0.0","0.0","0.0","0.0","0.01","0.0","0.0","0.23","0.18","782.61","0.03","0.02","666.67","3.22","4.34","1347.83","1.24","10.74","8661.29","3.45","1.09","315.94","7.6","0.27","7.87","0.0","0.07","0.1"
"81","2009","5","Karnataka","Uttara Kannada","80.27","155.25","1934.1","0.0","0.0","0.0","0.04","0.04","1000.0","0.0","0.0","0.0","0.04","0.04","1000.0","0.0","0.0","0.0","4.45","16.36","3676.4","0.01","0.01","1000.0","0.0","0.0","0.0","0.01","0.0","0.0","0.05","0.02","400.0","2.16","0.66","305.56","2.95","4.81","1630.51","0.0","0.0","0.0","0.0","0.0","0.0","0.0","0.0","0.0","0.0","0.0","0.0","0.0","0.0","0.0","0.22","0.14","636.36","0.02","0.01","500.0","3.19","4.96","1554.86","1.26","10.5","8333.33","2.78","0.9","323.74","7.81","0.26","8.07","0.0","0.07","0.12"
"81","2010","5","Karnataka","Uttara Kannada","79.02","150.72","1907.37","0.0","0.0","0.0","0.02","0.03","1500.0","0.0","0.0","0.0","0.02","0.03","1500.0","0.0","0.0","0.0","4.49","18.74","4173.72","0.01","0.02","2000.0","0.0","0.0","0.0","0.01","0.01","1000.0","0.04","0.02","500.0","1.95","0.64","328.21","2.94","4.66","1585.03","0.0","0.0","0.0","0.0","0.0","0.0","0.0","0.0","0.0","0.0","0.0","0.0","0.0","0.0","0.0","0.22","0.13","590.91","0.0","0.0","0.0","3.16","4.69","1484.18","1.3","13.94","10723.08","2.99","1.4","468.23","8.1","0.33","8.43","0.0","0.07","0.12"
"81","2011","5","Karnataka","Uttara Kannada","75.75","155.4","2051.49","0.0","0.0","0.0","0.0","0.0","0.0","0.0","0.0","0.0","0.01","0.01","1000.0","0.0","0.0","0.0","3.79","11.46","3023.75","0.01","0.02","2000.0","0.0","0.0","0.0","0.0","0.0","0.0","0.03","0.01","333.33","2.12","0.91","429.25","2.55","3.32","1301.96","0.0","0.0","0.0","0.0","0.0","0.0","0.0","0.0","0.0","0.0","0.0","0.0","0.0","0.0","0.0","0.17","0.08","470.59","0.0","0.0","0.0","2.75","3.7","1345.45","5.49","30.24","5509.99","2.59","0.46","177.61","8.2","0.24","8.44","0.0","0.06","0.13"
"81","2012","5","Karnataka","Uttara Kannada","74.28","150.07","2020.33","0.0","0.0","0.0","0.01","0.01","1000.0","0.0","0.0","0.0","0.01","0.01","1000.0","0.0","0.0","0.0","4.51","24.78","5494.46","0.02","0.02","1000.0","0.0","0.0","0.0","0.0","0.0","0.0","0.03","0.02","666.67","1.84","0.65","353.26","2.4","3.74","1558.33","0.0","0.0","0.0","0.0","0.0","0.0","0.0","0.0","0.0","0.0","0.0","0.0","0.0","0.0","0.0","0.15","0.08","533.33","0.0","0.0","0.0","2.55","3.89","1525.49","3.08","32.76","10636.36","2.6","1.07","411.54","8.82","0.18","9.0","0.0","0.05","0.03"
"81","2013","5","Karnataka","Uttara Kannada","69.97","170.32","2434.19","0.0","0.0","0.0","0.0","0.0","0.0","0.0","0.0","0.0","0.0","0.01","0.0","0.0","0.0","0.0","5.91","16.83","2847.72","0.01","0.02","2000.0","0.0","0.0","0.0","0.01","0.01","1000.0","0.01","0.01","1000.0","1.69","0.7","414.2","2.38","4.14","1739.5","0.0","0.0","0.0","0.0","0.0","0.0","0.0","0.0","0.0","0.0","0.0","0.0","0.0","0.0","0.0","0.1","0.06","600.0","0.0","0.0","0.0","2.53","3.78","1494.07","5.32","41.98","7890.98","1.35","0.5","370.37","9.18","0.18","9.36","0.0","0.06","0.03"
"81","2014","5","Karnataka","Uttara Kannada","68.51","152.7","2228.87","0.0","0.0","0.0","0.0","0.0","0.0","0.0","0.0","0.0","0.0","0.0","0.0","0.0","0.0","0.0","6.29","24.0","3815.58","0.01","0.02","2000.0","0.0","0.0","0.0","0.02","0.01","500.0","0.01","0.0","0.0","1.77","0.68","384.18","2.1","3.92","1866.67","0.0","0.0","0.0","0.0","0.0","0.0","0.0","0.0","0.0","0.0","0.0","0.0","0.0","0.0","0.0","0.05","0.03","600.0","0.0","0.0","0.0","2.16","3.87","1791.67","6.21","48.35","7785.83","1.41","0.47","333.33","9.54","0.17","9.71","0.0","0.06","0.03"
"81","2015","5","Karnataka","Uttara Kannada","67.34","111.64","1657.86","0.0","0.0","0.0","0.0","0.0","0.0","0.0","0.0","0.0","0.0","0.0","0.0","0.0","0.0","0.0","5.23","23.58","4508.6","0.01","0.01","1000.0","0.0","0.0","0.0","0.01","0.0","0.0","0.01","0.01","1000.0","1.45","0.41","286.8","1.95","2.98","1528.21","0.0","0.0","0.0","0.0","0.0","0.0","0.0","0.0","0.0","0.0","0.0","0.0","0.0","0.0","0.0","0.01","0.0","0.0","0.01","0.0","500.0","1.98","0.0","0.0","6.54","47.85","7315.0","1.27","0.42","330.71","9.65","0.16","9.82","0.0","0.05","0.03"
"81","2016","5","Karnataka","Uttara Kannada","66.67","130.86","1962.86","0.0","0.0","0.0","0.0","0.0","0.0","0.0","0.0","0.0","0.0","0.0","0.0","0.0","0.0","0.0","5.66","30.68","5424.58","0.0","0.0","0.0","0.0","0.0","0.0","0.0","0.0","500.0","0.01","0.01","1000.0","1.5","0.49","326.9","1.71","3.5","2049.18","0.0","0.0","0.0","0.0","0.0","0.0","0.0","0.0","0.0","0.0","0.0","0.0","0.0","0.0","0.0","0.01","0.0","285.71","0.0","0.0","750.0","0.0","0.0","0.0","5.94","37.25","6270.0","1.11","0.61","549.24","9.74","0.17","9.91","0.0","0.04","0.03"
"81","2017","5","Karnataka","Uttara Kannada","62.87","124.24","1976.12","0.0","0.0","0.0","0.0","0.0","0.0","0.0","0.0","1000.0","0.0","0.0","1000.0","0.0","0.0","0.0","9.87","53.79","5450.75","0.0","0.0","0.0","0.0","0.0","0.0","0.0","0.0","666.67","0.0","0.0","1000.0","1.87","0.75","404.39","1.68","3.55","2111.11","0.0","0.0","1000.0","0.0","0.0","0.0","0.0","0.0","0.0","0.0","0.0","0.0","0.0","0.0","0.0","0.0","0.0","600.0","0.01","0.01","1571.43","0.0","0.0","0.0","0.0","0.0","0.0","1.21","0.78","647.7","9.95","0.16","10.12","0.0","0.03","0.03"
"82","2000","5","Karnataka","Kodagu / Coorg","37.0","85.0","2297.3","0.0","0.0","0.0","0.0","0.0","0.0","0.0","0.0","0.0","0.0","0.0","0.0","0.0","0.0","0.0","1.6","5.0","3125.0","0.9","2.0","2222.22","0.0","0.0","0.0","0.0","0.0","0.0","0.0","0.0","0.0","0.9","0.0","0.0","0.0","0.0","0.0","0.0","0.0","0.0","0.0","0.0","0.0","0.0","0.0","0.0","0.0","0.0","0.0","0.0","0.0","0.0","0.0","0.0","0.0","0.0","0.0","0.0","0.0","0.0","0.0","0.0","0.0","0.0","0.0","0.0","0.0","3.35","0.04","3.39","0.0","0.0","0.0"
"82","2001","5","Karnataka","Kodagu / Coorg","36.26","90.53","2496.69","0.0","0.0","0.0","0.0","0.0","0.0","0.0","0.0","0.0","0.0","0.0","0.0","0.0","0.0","0.0","2.36","10.1","4279.66","0.65","0.98","1507.69","0.0","0.0","0.0","0.0","0.0","0.0","0.0","0.0","0.0","0.92","0.18","195.65","0.0","0.0","0.0","0.0","0.0","0.0","0.0","0.0","0.0","0.0","0.0","0.0","0.0","0.0","0.0","0.0","0.0","0.0","0.0","0.0","0.0","0.0","0.0","0.0","0.0","0.0","0.0","0.0","0.0","0.0","0.0","0.0","0.0","3.73","0.13","3.86","0.0","0.0","0.0"
"82","2002","5","Karnataka","Kodagu / Coorg","35.35","69.97","1979.35","0.0","0.0","0.0","0.0","0.0","0.0","0.0","0.0","0.0","0.0","0.0","0.0","0.0","0.0","0.0","2.47","9.87","3995.95","0.37","0.31","837.84","0.0","0.0","0.0","0.0","0.0","0.0","0.0","0.0","0.0","0.37","0.11","297.3","0.0","0.0","0.0","0.0","0.0","0.0","0.0","0.0","0.0","0.0","0.0","0.0","0.0","0.0","0.0","0.0","0.0","0.0","0.0","0.0","0.0","0.0","0.0","0.0","0.0","0.0","0.0","0.0","0.0","0.0","0.0","0.0","0.0","3.94","0.12","4.06","0.0","0.0","0.0"
"82","2003","5","Karnataka","Kodagu / Coorg","36.11","72.18","1998.89","0.0","0.0","0.0","0.0","0.0","0.0","0.0","0.0","0.0","0.0","0.0","0.0","0.0","0.0","0.0","2.38","10.64","4470.59","0.45","0.51","1133.33","0.0","0.0","0.0","0.08","0.03","375.0","0.0","0.0","0.0","0.41","0.08","195.12","0.0","0.0","0.0","0.0","0.0","0.0","0.0","0.0","0.0","0.0","0.0","0.0","0.0","0.0","0.0","0.0","0.0","0.0","0.0","0.0","0.0","0.0","0.0","0.0","0.0","0.0","0.0","0.0","0.0","0.0","0.0","0.0","0.0","4.0","0.55","4.55","0.0","0.0","0.0"
"82","2004","5","Karnataka","Kodagu / Coorg","37.23","89.29","2398.33","0.0","0.0","0.0","0.0","0.0","0.0","0.0","0.0","0.0","0.0","0.0","0.0","0.0","0.0","0.0","2.88","11.71","4065.97","0.46","0.69","1500.0","0.0","0.0","0.0","0.03","0.01","333.33","0.0","0.0","0.0","0.85","0.25","294.12","0.04","0.04","1000.0","0.0","0.0","0.0","0.0","0.0","0.0","0.0","0.0","0.0","0.0","0.0","0.0","0.0","0.0","0.0","0.0","0.0","0.0","0.0","0.0","0.0","0.04","0.04","1000.0","0.0","0.0","0.0","0.0","0.0","0.0","4.02","0.11","4.13","0.0","0.0","0.0"
"82","2005","5","Karnataka","Kodagu / Coorg","35.31","81.22","2300.2","0.0","0.0","0.0","0.0","0.0","0.0","0.0","0.0","0.0","0.0","0.0","0.0","0.0","0.0","0.0","2.34","11.69","4995.73","0.73","1.31","1794.52","0.0","0.0","0.0","0.01","0.01","1000.0","0.02","0.01","500.0","1.43","0.32","223.78","0.01","0.01","1000.0","0.01","0.01","1000.0","0.0","0.0","0.0","0.0","0.0","0.0","0.13","0.13","1000.0","0.0","0.0","0.0","0.0","0.0","0.0","0.0","0.0","0.0","0.15","0.14","933.33","0.0","0.0","0.0","0.0","0.0","0.0","4.16","1.26","5.42","0.14","0.0","0.0"
"82","2006","5","Karnataka","Kodagu / Coorg","34.62","85.32","2464.47","0.0","0.0","0.0","0.0","0.0","0.0","0.0","0.0","0.0","0.0","0.0","0.0","0.0","0.0","0.0","2.65","11.91","4494.34","0.74","0.89","1202.7","0.0","0.0","0.0","0.01","0.0","0.0","0.02","0.01","500.0","0.98","0.47","479.59","0.01","0.0","0.0","0.01","0.01","1000.0","0.0","0.0","0.0","0.0","0.0","0.0","0.13","0.1","769.23","0.0","0.0","0.0","0.0","0.0","0.0","0.0","0.0","0.0","0.15","0.11","733.33","0.0","0.0","0.0","0.0","0.0","0.0","5.04","0.27","5.31","0.12","0.0","0.0"
"82","2007","5","Karnataka","Kodagu / Coorg","37.2","95.48","2566.67","0.0","0.0","0.0","0.0","0.0","0.0","0.0","0.0","0.0","0.0","0.0","0.0","0.0","0.0","0.0","3.14","12.87","4098.73","0.35","0.58","1657.14","0.0","0.0","0.0","0.02","0.01","500.0","0.0","0.0","0.0","0.68","0.33","485.29","0.02","0.01","500.0","0.01","0.0","0.0","0.0","0.0","0.0","0.0","0.0","0.0","0.11","0.07","636.36","0.0","0.0","0.0","0.0","0.0","0.0","0.0","0.0","0.0","0.13","0.09","692.31","0.0","0.0","0.0","0.0","0.0","0.0","5.39","0.35","5.74","0.09","0.0","0.0"
"82","2008","5","Karnataka","Kodagu / Coorg","35.36","84.78","2397.62","11.95","24.86","2080.33","0.0","0.0","0.0","0.0","0.0","0.0","0.0","0.0","0.0","0.0","0.0","0.0","3.81","16.84","4419.95","0.4","0.51","1275.0","0.0","0.0","0.0","0.0","0.0","0.0","0.0","0.0","0.0","0.53","0.19","358.49","0.04","0.03","750.0","0.01","0.0","0.0","0.0","0.0","0.0","0.0","0.0","0.0","0.08","0.07","875.0","0.0","0.0","0.0","0.0","0.0","0.0","0.0","0.0","0.0","0.12","0.1","833.33","0.0","0.0","0.0","0.0","0.0","0.0","5.29","0.42","5.71","0.09","0.0","0.0"
"82","2009","5","Karnataka","Kodagu / Coorg","34.84","85.14","2443.74","0.0","0.0","0.0","0.0","0.0","0.0","0.0","0.0","0.0","0.0","0.0","0.0","0.0","0.0","0.0","3.58","16.74","4675.98","0.27","0.33","1222.22","0.0","0.0","0.0","0.0","0.0","0.0","0.0","0.0","0.0","0.39","0.12","307.69","0.03","0.03","1000.0","0.0","0.0","0.0","0.0","0.0","0.0","0.0","0.0","0.0","0.0","0.0","0.0","0.0","0.0","0.0","0.0","0.0","0.0","0.0","0.0","0.0","0.03","0.03","1000.0","0.0","0.0","0.0","0.0","0.0","0.0","5.29","0.36","5.65","0.08","0.0","0.0"
"82","2010","5","Karnataka","Kodagu / Coorg","35.44","93.45","2636.85","0.0","0.0","0.0","0.0","0.0","0.0","0.0","0.0","0.0","0.0","0.0","0.0","0.0","0.0","0.0","3.27","15.69","4798.17","0.34","0.64","1882.35","0.0","0.0","0.0","0.0","0.0","0.0","0.0","0.0","0.0","0.47","0.17","361.7","0.02","0.02","1000.0","0.0","0.0","0.0","0.0","0.0","0.0","0.0","0.0","0.0","0.0","0.0","0.0","0.0","0.0","0.0","0.0","0.0","0.0","0.0","0.0","0.0","0.02","0.02","1000.0","0.0","0.0","0.0","0.0","0.0","0.0","6.16","0.36","6.53","0.02","0.0","0.0"
"82","2011","5","Karnataka","Kodagu / Coorg","34.22","93.23","2724.43","0.0","0.0","0.0","0.0","0.0","0.0","0.0","0.0","0.0","0.0","0.0","0.0","0.0","0.0","0.0","3.7","14.05","3797.3","0.25","0.36","1440.0","0.0","0.0","0.0","0.0","0.0","0.0","0.0","0.0","0.0","0.04","0.01","250.0","0.0","0.0","0.0","0.0","0.0","0.0","0.0","0.0","0.0","0.0","0.0","0.0","0.0","0.0","0.0","0.0","0.0","0.0","0.0","0.0","0.0","0.0","0.0","0.0","0.6","0.0","0.0","0.0","0.0","0.0","0.0","0.0","0.0","6.2","0.36","6.56","0.02","0.0","0.0"
"82","2012","5","Karnataka","Kodagu / Coorg","31.37","77.78","2479.44","0.0","0.0","0.0","0.0","0.0","0.0","0.0","0.0","0.0","0.0","0.0","0.0","0.0","0.0","0.0","3.91","17.51","4478.26","0.01","0.01","1000.0","0.0","0.0","0.0","0.0","0.0","0.0","0.0","0.0","0.0","0.04","0.01","250.0","0.0","0.0","0.0","0.0","0.0","0.0","0.0","0.0","0.0","0.0","0.0","0.0","0.0","0.0","0.0","0.0","0.0","0.0","0.0","0.0","0.0","0.0","0.0","0.0","0.66","0.0","0.0","0.0","0.0","0.0","0.0","0.0","0.0","6.25","0.21","6.46","0.01","0.0","0.0"
"82","2013","5","Karnataka","Kodagu / Coorg","32.03","92.21","2878.86","0.0","0.0","0.0","0.0","0.0","0.0","0.0","0.0","0.0","0.0","0.0","0.0","0.0","0.0","0.0","2.1","8.11","3861.9","0.0","0.0","0.0","0.0","0.0","0.0","0.0","0.0","0.0","0.0","0.0","0.0","0.08","0.03","375.0","0.01","0.01","1000.0","0.0","0.0","0.0","0.0","0.0","0.0","0.0","0.0","0.0","0.0","0.0","0.0","0.0","0.0","0.0","0.0","0.0","0.0","0.0","0.0","0.0","0.58","0.02","34.48","0.0","0.0","0.0","0.0","0.0","0.0","6.33","0.25","6.57","0.01","0.0","0.0"
"82","2014","5","Karnataka","Kodagu / Coorg","30.96","86.9","2806.85","0.0","0.0","0.0","0.0","0.0","0.0","0.0","0.0","0.0","0.0","0.0","0.0","0.0","0.0","0.0","3.52","17.92","5090.91","0.0","0.0","0.0","0.0","0.0","0.0","0.0","0.0","0.0","0.0","0.0","0.0","0.01","0.0","0.0","0.07","0.05","714.29","0.0","0.0","0.0","0.0","0.0","0.0","0.0","0.0","0.0","0.0","0.0","0.0","0.0","0.0","0.0","0.0","0.0","0.0","0.0","0.0","0.0","0.71","0.05","70.42","0.0","0.0","0.0","0.0","0.0","0.0","6.7","0.24","6.94","0.02","0.0","0.0"
"82","2015","5","Karnataka","Kodagu / Coorg","28.34","76.49","2699.01","0.0","0.0","0.0","0.0","0.0","0.0","0.0","0.0","0.0","0.0","0.0","0.0","0.0","0.0","0.0","3.45","15.47","4484.06","0.0","0.0","0.0","0.0","0.0","0.0","0.0","0.0","0.0","0.0","0.0","0.0","0.01","0.0","333.33","0.06","0.04","666.67","0.0","0.0","0.0","0.0","0.0","0.0","0.0","0.0","0.0","0.0","0.0","0.0","0.0","0.0","0.0","0.0","0.0","0.0","0.0","0.0","0.0","0.64","0.0","0.0","0.0","0.0","0.0","0.0","0.0","0.0","6.77","0.29","7.06","0.02","0.0","0.0"
"82","2016","5","Karnataka","Kodagu / Coorg","27.93","67.9","2431.41","0.0","0.0","0.0","0.0","0.0","0.0","0.0","0.0","0.0","0.0","0.0","0.0","0.0","0.0","0.0","3.86","21.39","5537.55","0.0","0.0","0.0","0.0","0.0","0.0","0.0","0.0","0.0","0.0","0.0","0.0","0.01","0.0","200.0","0.06","0.03","500.0","0.0","0.0","0.0","0.0","0.0","0.0","0.0","0.0","0.0","0.0","0.0","0.0","0.0","0.0","0.0","0.0","0.0","0.0","0.0","0.0","0.0","0.0","0.0","0.0","0.0","0.0","0.0","0.0","0.0","0.0","7.11","0.29","7.4","0.01","0.0","0.0"
"82","2017","5","Karnataka","Kodagu / Coorg","27.17","64.26","2364.95","0.0","0.0","0.0","0.0","0.0","0.0","0.0","0.0","0.0","0.0","0.0","0.0","0.0","0.0","0.0","3.56","26.74","7516.3","0.0","0.0","0.0","0.0","0.0","0.0","0.0","0.0","0.0","0.0","0.0","0.0","0.01","0.0","250.0","0.06","0.07","1111.11","0.0","0.0","0.0","0.0","0.0","0.0","0.0","0.0","0.0","0.0","0.0","0.0","0.0","0.0","0.0","0.0","0.0","0.0","0.0","0.0","0.0","0.0","0.0","0.0","0.0","0.0","0.0","0.0","0.0","0.0","7.43","0.3","7.73","0.01","0.0","0.0"